index,Bool_char,Bool_char_EV,Bool_cons,Bool_dis,Bool_dis_EV,Bool_hp,Bool_hpdhw,Bool_inj,E_PV_batt,E_PV_batt_EV,E_PV_bu,E_PV_budhw,E_PV_curt,E_PV_grid,E_PV_hp,E_PV_hpdhw,E_PV_load,E_batt_EV_grid,E_batt_EV_load,E_batt_bu,E_batt_budhw,E_batt_hp,E_batt_hpdhw,E_batt_load,E_bu,E_budhw,E_char,E_char_EV,E_char_away,E_cons,E_dis,E_dis_EV,E_grid_batt,E_grid_batt_EV,E_grid_bu,E_grid_budhw,E_grid_hp,E_grid_hpdhw,E_grid_load,E_hp,E_hpdhw,E_loss_Batt,E_loss_Batt_EV,E_loss_EV,E_loss_conv,E_loss_inv,E_loss_inv_PV,E_loss_inv_batt,E_loss_inv_grid,Q_dhwst_hd,Q_hp_sh,Q_hp_ts,Q_loss_dhwst,Q_loss_ts,Q_ts,Q_ts_delta,Q_ts_sh,SOC,SOC_EV,T_dhwst,T_ts,E_demand,E_PV,Export_price,price,Inv_P,Conv_P
2017-01-02 00:00:00+01:00,1.0,1.0,1.0,0.0,0.0,1.0,0.0,0.0,0.0,0.0,0.0,0.0,0.0,0.0,0.0,0.0,0.0,0.0,0.0,0.0,0.0,0.0,0.0,0.0,0.0,0.0,0.0,0.0,0.0,0.27,0.0,0.0,0.0,0.0,0.0,0.0,0.0,0.0,0.27,0.0,0.0,0.0,0.0,0.0,0.0,0.0,0.0,0.0,0.0,0.0,0.0,0.0,0.0,0.0,0.0,0.0,0.0,0.0,12.0,313.15,315.446983003618,0.27,0.0,0.05185,0.29,0.0,0.0
2017-01-02 01:00:00+01:00,1.0,1.0,1.0,0.0,0.0,1.0,0.0,0.0,0.0,0.0,0.0,0.0,0.0,0.0,0.0,0.0,0.0,0.0,0.0,0.0,0.0,0.0,0.0,0.0,0.0,0.0,0.0,0.0,0.0,0.27,0.0,0.0,0.0,0.0,0.0,0.0,0.0,0.0,0.27,0.0,0.0,0.0,0.0,0.0,0.0,0.0,0.0,0.0,0.0,0.0,0.0,0.0,0.0,0.0,0.0,0.0,0.0,0.0,12.0,313.15,315.446983003618,0.27,0.0,0.05004,0.29,0.0,0.0
2017-01-02 02:00:00+01:00,1.0,1.0,1.0,0.0,0.0,1.0,0.0,0.0,0.0,0.0,0.0,0.0,0.0,0.0,0.0,0.0,0.0,0.0,0.0,0.0,0.0,0.0,0.0,0.0,0.0,0.0,0.0,0.0,0.0,0.27,0.0,0.0,0.0,0.0,0.0,0.0,0.0,0.0,0.27,0.0,0.0,0.0,0.0,0.0,0.0,0.0,0.0,0.0,0.0,0.0,0.0,0.0,0.0,0.0,0.0,0.0,0.0,0.0,12.0,313.15,315.446983003618,0.27,0.0,0.04834,0.29,0.0,0.0
2017-01-02 03:00:00+01:00,1.0,1.0,1.0,0.0,0.0,1.0,0.0,0.0,0.0,0.0,0.0,0.0,0.0,0.0,0.0,0.0,0.0,0.0,0.0,0.0,0.0,0.0,0.0,0.0,0.0,0.0,0.0,0.0,0.0,0.27,0.0,0.0,0.0,0.0,0.0,0.0,0.0,0.0,0.27,0.0,0.0,0.0,0.0,0.0,0.0,0.0,0.0,0.0,0.0,0.0,0.0,0.0,0.0,0.0,0.0,0.0,0.0,0.0,12.0,313.15,315.446983003618,0.27,0.0,0.04689,0.29,0.0,0.0
2017-01-02 04:00:00+01:00,1.0,1.0,1.0,0.0,0.0,1.0,0.0,0.0,0.0,0.0,0.0,0.0,0.0,0.0,0.0,0.0,0.0,0.0,0.0,0.0,0.0,0.0,0.0,0.0,0.0,0.0,0.0,4.475784313725487,0.0,4.745784313725487,0.0,0.0,0.0,4.475784313725487,0.0,0.0,0.0,0.0,0.27,0.0,0.0,0.0,0.0,0.0,0.0,0.0,0.0,0.0,0.0,0.0,0.0,0.0,0.0,0.0,0.0,0.0,0.0,0.0,16.475784313725487,313.15,315.446983003618,0.27,0.0,0.04551,0.29,0.0,0.0
2017-01-02 05:00:00+01:00,1.0,1.0,1.0,0.0,0.0,1.0,0.0,0.0,0.0,0.0,0.0,0.0,0.0,0.0,0.0,0.0,0.0,0.0,0.0,0.0,0.0,0.0,0.0,0.0,0.0,0.0,0.0,0.0,0.0,0.27,0.0,0.0,0.0,0.0,0.0,0.0,0.0,0.0,0.27,0.0,0.0,0.0,0.0,0.0,0.0,0.0,0.0,0.0,0.0,0.0,0.0,0.0,0.0,0.0,0.0,0.0,0.0,0.0,16.475784313725487,313.15,315.446983003618,0.27,0.0,0.04679,0.29,0.0,0.0
2017-01-02 06:00:00+01:00,1.0,1.0,1.0,0.0,0.0,1.0,0.0,0.0,0.0,0.0,0.0,0.0,0.0,0.0,0.0,0.0,0.0,0.0,0.0,0.0,0.0,0.0,0.0,0.0,0.0,0.0,0.0,0.0,0.0,2.164,0.0,0.0,0.0,0.0,0.0,0.0,0.0,0.0,2.164,0.0,0.0,0.0,0.0,0.0,0.0,0.0,0.0,0.0,0.0,0.0,0.0,0.0,0.0,0.0,0.0,0.0,0.0,0.0,16.475784313725487,313.15,315.446983003618,2.164,0.0,0.05129,0.29,0.0,0.0
2017-01-02 07:00:00+01:00,1.0,1.0,1.0,0.0,0.0,1.0,0.0,0.0,0.0,0.0,0.0,0.0,0.0,0.0,0.0,0.0,0.0,0.0,0.0,0.0,0.0,0.0,0.0,0.0,0.0,0.0,0.0,0.0,0.0,1.855,0.0,0.0,0.0,0.0,0.0,0.0,0.0,0.0,1.855,0.0,0.0,0.0,0.0,0.0,0.0,0.0,0.0,0.0,0.0,0.0,0.0,0.0,0.0,0.0,0.0,0.0,0.0,0.0,16.475784313725487,313.15,315.446983003618,1.855,0.0,0.06097,0.29,0.0,0.0
2017-01-02 08:00:00+01:00,1.0,0.0,0.0,0.0,1.0,1.0,0.0,1.0,0.0,0.0,0.0,0.0,0.0,0.0,0.0,0.0,0.0316666666666675,0.0,0.6793333333333325,0.0,0.0,0.0,0.0,0.0,0.0,0.0,0.0,0.0,0.0,0.0,0.0,0.6793333333333325,0.0,0.0,0.0,0.0,0.0,0.0,0.0,0.0,0.0,0.0,0.0,0.0,0.0006666666666666,0.0016666666666667,0.0016666666666667,0.0,0.0,0.0,0.0,0.0,0.0,0.0,0.0,0.0,0.0,0.0,15.796450980392155,313.15,315.446983003618,0.711,0.034,0.06125,0.29,0.0333333333333342,0.0323333333333341
2017-01-02 09:00:00+01:00,1.0,1.0,1.0,0.0,0.0,1.0,0.0,0.0,0.0,0.0,0.0,0.0,0.0,0.0,0.0,0.0,0.4451960784313724,0.0,0.0,0.0,0.0,0.0,0.0,0.0,0.0,0.0,0.0,0.0,1.7456000000000031,0.0958039215686276,0.0,0.0,0.0,0.0,0.0,0.0,0.0,0.0,0.0958039215686276,0.0,0.0,0.0,0.0,0.0,0.0093725490196078,0.0234313725490196,0.0234313725490196,0.0,0.0,0.0,0.0,0.0,0.0,0.0,0.0,0.0,0.0,0.0,17.54205098039216,313.15,315.446983003618,0.541,0.478,0.06104,0.29,0.468627450980392,0.4545686274509802
2017-01-02 10:00:00+01:00,1.0,1.0,0.0,0.0,0.0,1.0,0.0,1.0,0.0,0.3307647058823533,0.0,0.0,0.0,0.0,0.0,0.0,0.541,0.0,0.0,0.0,0.0,0.0,0.0,0.0,0.0,0.0,0.0,0.3307647058823533,0.0,0.0,0.0,0.0,0.0,0.0,0.0,0.0,0.0,0.0,0.0,0.0,0.0,0.0,0.0,0.0,0.0183529411764706,0.0458823529411765,0.0458823529411765,0.0,0.0,0.0,0.0,0.0,0.0,0.0,0.0,0.0,0.0,0.0,17.87281568627451,313.15,315.446983003618,0.541,0.936,0.06122,0.29,0.5868823529411765,0.5593529411764706
2017-01-02 11:00:00+01:00,1.0,0.0,0.0,0.0,1.0,1.0,0.0,1.0,0.0,0.0,0.0,0.0,0.0,0.0,0.0,0.0,1.0924999999999998,0.0,0.3685000000000002,0.0,0.0,0.0,0.0,0.0,0.0,0.0,0.0,0.0,0.0,0.0,0.0,0.3685000000000002,0.0,0.0,0.0,0.0,0.0,0.0,0.0,0.0,0.0,0.0,0.0,0.0,0.023,0.0575,0.0575,0.0,0.0,0.0,0.0,0.0,0.0,0.0,0.0,0.0,0.0,0.0,17.50431568627451,313.15,315.446983003618,1.461,1.173,0.06102,0.29,1.15,1.1154999999999997
2017-01-02 12:00:00+01:00,1.0,0.0,0.0,0.0,1.0,1.0,0.0,1.0,0.0,0.0,0.0,0.0,0.0,0.0,0.0,0.0,0.9192647058823528,0.0,2.1097352941176477,0.0,0.0,0.0,0.0,0.0,0.0,0.0,0.0,0.0,0.0,0.0,0.0,2.1097352941176477,0.0,0.0,0.0,0.0,0.0,0.0,0.0,0.0,0.0,0.0,0.0,0.0,0.0193529411764706,0.0483823529411765,0.0483823529411765,0.0,0.0,0.0,0.0,0.0,0.0,0.0,0.0,0.0,0.0,0.0,15.39458039215686,313.15,315.446983003618,3.029,0.987,0.06125,0.29,0.9676470588235293,0.9386176470588233
2017-01-02 13:00:00+01:00,1.0,0.0,0.0,0.0,1.0,1.0,0.0,1.0,0.0,0.0,0.0,0.0,0.0,0.0,0.0,0.0,0.887598039215686,0.0,0.4574019607843139,0.0,0.0,0.0,0.0,0.0,0.0,0.0,0.0,0.0,0.0,0.0,0.0,0.4574019607843139,0.0,0.0,0.0,0.0,0.0,0.0,0.0,0.0,0.0,0.0,0.0,0.0,0.0186862745098039,0.0467156862745098,0.0467156862745098,0.0,0.0,0.0,0.0,0.0,0.0,0.0,0.0,0.0,0.0,0.0,14.937178431372548,313.15,315.446983003618,1.345,0.953,0.06122,0.29,0.9343137254901959,0.9062843137254899
2017-01-02 14:00:00+01:00,1.0,1.0,0.0,0.0,0.0,1.0,0.0,1.0,0.0,0.2534607843137257,0.0,0.0,0.0,0.0,0.0,0.0,0.541,0.0,0.0,0.0,0.0,0.0,0.0,0.0,0.0,0.0,0.0,0.2534607843137257,0.0,0.0,0.0,0.0,0.0,0.0,0.0,0.0,0.0,0.0,0.0,0.0,0.0,0.0,0.0,0.0,0.0167254901960784,0.0418137254901961,0.0418137254901961,0.0,0.0,0.0,0.0,0.0,0.0,0.0,0.0,0.0,0.0,0.0,15.190639215686272,313.15,315.446983003618,0.541,0.853,0.06092,0.29,0.5828137254901962,0.5577254901960784
2017-01-02 15:00:00+01:00,1.0,0.0,0.0,0.0,1.0,1.0,0.0,1.0,0.0,0.0,0.0,0.0,0.0,0.0,0.0,0.0,0.493627450980392,0.0,0.0473725490196079,0.0,0.0,0.0,0.0,0.0,0.0,0.0,0.0,0.0,0.0,0.0,0.0,0.0473725490196079,0.0,0.0,0.0,0.0,0.0,0.0,0.0,0.0,0.0,0.0,0.0,0.0,0.0103921568627451,0.0259803921568627,0.0259803921568627,0.0,0.0,0.0,0.0,0.0,0.0,0.0,0.0,0.0,0.0,0.0,15.143266666666666,313.15,315.446983003618,0.541,0.53,0.05997,0.29,0.5196078431372547,0.5040196078431372
2017-01-02 16:00:00+01:00,1.0,0.0,0.0,0.0,1.0,1.0,0.0,1.0,0.0,0.0,0.0,0.0,0.0,0.0,0.0,0.0,0.0633333333333333,0.0,1.3976666666666668,0.0,0.0,0.0,0.0,0.0,0.0,0.0,0.0,0.0,0.0,0.0,0.0,1.3976666666666668,0.0,0.0,0.0,0.0,0.0,0.0,0.0,0.0,0.0,0.0,0.0,0.0,0.0013333333333333,0.0033333333333333,0.0033333333333333,0.0,0.0,0.0,0.0,0.0,0.0,0.0,0.0,0.0,0.0,0.0,13.7456,313.15,315.446983003618,1.461,0.068,0.06091,0.29,0.0666666666666666,0.0646666666666666
2017-01-02 17:00:00+01:00,0.0,1.0,1.0,1.0,0.0,1.0,0.0,0.0,0.0,0.0,0.0,0.0,0.0,0.0,0.0,0.0,0.0,0.0,0.0,0.0,0.0,0.0,0.0,0.0,0.0,0.0,0.0,0.0,0.0,3.091,0.0,0.0,0.0,0.0,0.0,0.0,0.0,0.0,3.091,0.0,0.0,0.0,0.0,0.0,0.0,0.0,0.0,0.0,0.0,0.0,0.0,0.0,0.0,0.0,0.0,0.0,0.0,0.0,13.7456,313.15,315.446983003618,3.091,0.0,0.06636,0.29,0.0,0.0
2017-01-02 18:00:00+01:00,0.0,1.0,1.0,1.0,0.0,1.0,0.0,0.0,0.0,0.0,0.0,0.0,0.0,0.0,0.0,0.0,0.0,0.0,0.0,0.0,0.0,0.0,0.0,0.0,0.0,0.0,0.0,0.0,0.0,2.411,0.0,0.0,0.0,0.0,0.0,0.0,0.0,0.0,2.411,0.0,0.0,0.0,0.0,0.0,0.0,0.0,0.0,0.0,0.0,0.0,0.0,0.0,0.0,0.0,0.0,0.0,0.0,0.0,12.0,313.15,315.446983003618,2.411,0.0,0.0645299999999999,0.29,0.0,0.0
2017-01-02 19:00:00+01:00,0.0,1.0,1.0,1.0,0.0,1.0,0.0,0.0,0.0,0.0,0.0,0.0,0.0,0.0,0.0,0.0,0.0,0.0,0.0,0.0,0.0,0.0,0.0,0.0,0.0,0.0,0.0,0.0,0.0,2.133,0.0,0.0,0.0,0.0,0.0,0.0,0.0,0.0,2.133,0.0,0.0,0.0,0.0,0.0,0.0,0.0,0.0,0.0,0.0,0.0,0.0,0.0,0.0,0.0,0.0,0.0,0.0,0.0,12.0,313.15,315.446983003618,2.133,0.0,0.06166,0.29,0.0,0.0
2017-01-02 20:00:00+01:00,0.0,1.0,1.0,1.0,0.0,1.0,0.0,0.0,0.0,0.0,0.0,0.0,0.0,0.0,0.0,0.0,0.0,0.0,0.0,0.0,0.0,0.0,0.0,0.0,0.0,0.0,0.0,0.0,0.0,1.855,0.0,0.0,0.0,0.0,0.0,0.0,0.0,0.0,1.855,0.0,0.0,0.0,0.0,0.0,0.0,0.0,0.0,0.0,0.0,0.0,0.0,0.0,0.0,0.0,0.0,0.0,0.0,0.0,12.0,313.15,315.446983003618,1.855,0.0,0.06125,0.29,0.0,0.0
2017-01-02 21:00:00+01:00,0.0,1.0,1.0,1.0,0.0,1.0,0.0,0.0,0.0,0.0,0.0,0.0,0.0,0.0,0.0,0.0,0.0,0.0,0.0,0.0,0.0,0.0,0.0,0.0,0.0,0.0,0.0,0.0,0.0,2.318,0.0,0.0,0.0,0.0,0.0,0.0,0.0,0.0,2.318,0.0,0.0,0.0,0.0,0.0,0.0,0.0,0.0,0.0,0.0,0.0,0.0,0.0,0.0,0.0,0.0,0.0,0.0,0.0,12.0,313.15,315.446983003618,2.318,0.0,0.06124,0.29,0.0,0.0
2017-01-02 22:00:00+01:00,0.0,1.0,1.0,1.0,0.0,1.0,0.0,0.0,0.0,0.0,0.0,0.0,0.0,0.0,0.0,0.0,0.0,0.0,0.0,0.0,0.0,0.0,0.0,0.0,0.0,0.0,0.0,0.0,0.0,2.318,0.0,0.0,0.0,0.0,0.0,0.0,0.0,0.0,2.318,0.0,0.0,0.0,0.0,0.0,0.0,0.0,0.0,0.0,0.0,0.0,0.0,0.0,0.0,0.0,0.0,0.0,0.0,0.0,12.0,313.15,315.446983003618,2.318,0.0,0.06122,0.29,0.0,0.0
2017-01-02 23:00:00+01:00,0.0,1.0,1.0,1.0,0.0,1.0,0.0,0.0,0.0,0.0,0.0,0.0,0.0,0.0,0.0,0.0,0.0,0.0,0.0,0.0,0.0,0.0,0.0,0.0,0.0,0.0,0.0,0.0,0.0,0.27,0.0,0.0,0.0,0.0,0.0,0.0,0.0,0.0,0.27,0.0,0.0,0.0,0.0,0.0,0.0,0.0,0.0,0.0,0.0,0.0,0.0,0.0,0.0,0.0,0.0,0.0,0.0,0.0,12.0,313.15,315.446983003618,0.27,0.0,0.06011,0.29,0.0,0.0
2017-01-03 00:00:00+01:00,1.0,1.0,1.0,0.0,0.0,1.0,0.0,0.0,0.0,0.0,0.0,0.0,0.0,0.0,0.0,0.0,0.0,0.0,0.0,0.0,0.0,0.0,0.0,0.0,0.0,0.0,0.0,0.0,0.0,0.27,0.0,0.0,0.0,0.0,0.0,0.0,0.0,0.0,0.27,0.0,0.0,0.0,0.0,0.0,0.0,0.0,0.0,0.0,0.0,0.0,0.0,0.0,0.0,0.0,0.0,0.0,0.0,0.0,12.0,313.15,315.446983003618,0.27,0.0,0.06061,0.29,0.0,0.0
2017-01-03 01:00:00+01:00,1.0,1.0,1.0,0.0,0.0,1.0,0.0,0.0,0.0,0.0,0.0,0.0,0.0,0.0,0.0,0.0,0.0,0.0,0.0,0.0,0.0,0.0,0.0,0.0,0.0,0.0,0.0,0.0,0.0,0.27,0.0,0.0,0.0,0.0,0.0,0.0,0.0,0.0,0.27,0.0,0.0,0.0,0.0,0.0,0.0,0.0,0.0,0.0,0.0,0.0,0.0,0.0,0.0,0.0,0.0,0.0,0.0,0.0,12.0,313.15,315.446983003618,0.27,0.0,0.05606,0.29,0.0,0.0
2017-01-03 02:00:00+01:00,1.0,1.0,1.0,0.0,0.0,1.0,0.0,0.0,0.0,0.0,0.0,0.0,0.0,0.0,0.0,0.0,0.0,0.0,0.0,0.0,0.0,0.0,0.0,0.0,0.0,0.0,0.0,0.0,0.0,0.27,0.0,0.0,0.0,0.0,0.0,0.0,0.0,0.0,0.27,0.0,0.0,0.0,0.0,0.0,0.0,0.0,0.0,0.0,0.0,0.0,0.0,0.0,0.0,0.0,0.0,0.0,0.0,0.0,12.0,313.15,315.446983003618,0.27,0.0,0.05321,0.29,0.0,0.0
2017-01-03 03:00:00+01:00,1.0,1.0,1.0,0.0,0.0,1.0,0.0,0.0,0.0,0.0,0.0,0.0,0.0,0.0,0.0,0.0,0.0,0.0,0.0,0.0,0.0,0.0,0.0,0.0,0.0,0.0,0.0,0.0,0.0,0.27,0.0,0.0,0.0,0.0,0.0,0.0,0.0,0.0,0.27,0.0,0.0,0.0,0.0,0.0,0.0,0.0,0.0,0.0,0.0,0.0,0.0,0.0,0.0,0.0,0.0,0.0,0.0,0.0,12.0,313.15,315.446983003618,0.27,0.0,0.05296,0.29,0.0,0.0
2017-01-03 04:00:00+01:00,1.0,1.0,1.0,0.0,0.0,1.0,0.0,0.0,0.0,0.0,0.0,0.0,0.0,0.0,0.0,0.0,0.0,0.0,0.0,0.0,0.0,0.0,0.0,0.0,0.0,0.0,0.0,4.274637254653342,0.0,4.544637254653342,0.0,0.0,0.0,4.274637254653342,0.0,0.0,0.0,0.0,0.27,0.0,0.0,0.0,0.0,0.0,0.0,0.0,0.0,0.0,0.0,0.0,0.0,0.0,0.0,0.0,0.0,0.0,0.0,0.0,16.274637254653342,313.15,315.446983003618,0.27,0.0,0.05202,0.29,0.0,0.0
2017-01-03 05:00:00+01:00,1.0,1.0,1.0,0.0,0.0,1.0,0.0,0.0,0.0,0.0,0.0,0.0,0.0,0.0,0.0,0.0,0.0,0.0,0.0,0.0,0.0,0.0,0.0,0.0,0.0,0.0,0.0,0.0,0.0,0.27,0.0,0.0,0.0,0.0,0.0,0.0,0.0,0.0,0.27,0.0,0.0,0.0,0.0,0.0,0.0,0.0,0.0,0.0,0.0,0.0,0.0,0.0,0.0,0.0,0.0,0.0,0.0,0.0,16.274637254653342,313.15,315.446983003618,0.27,0.0,0.0533299999999999,0.29,0.0,0.0
2017-01-03 06:00:00+01:00,1.0,1.0,1.0,0.0,0.0,1.0,0.0,0.0,0.0,0.0,0.0,0.0,0.0,0.0,0.0,0.0,0.0,0.0,0.0,0.0,0.0,0.0,0.0,0.0,0.0,0.0,0.0,0.0,0.0,2.164000000010245,0.0,0.0,0.0,0.0,0.0,0.0,0.0,0.0,2.164000000010245,0.0,0.0,0.0,0.0,0.0,0.0,0.0,0.0,0.0,0.0,0.0,0.0,0.0,0.0,0.0,0.0,0.0,0.0,0.0,16.27463725466359,313.15,315.446983003618,2.164,0.0,0.06294,0.29,0.0,0.0
2017-01-03 07:00:00+01:00,1.0,0.0,1.0,0.0,1.0,1.0,0.0,0.0,0.0,0.0,0.0,0.0,0.0,0.0,0.0,0.0,0.0,0.0,1.854999999981373,0.0,0.0,0.0,0.0,0.0,0.0,0.0,0.0,0.0,0.0,0.0,0.0,1.854999999981373,0.0,0.0,0.0,0.0,0.0,0.0,0.0,0.0,0.0,0.0,0.0,0.0,0.0,0.0,0.0,0.0,0.0,0.0,0.0,0.0,0.0,0.0,0.0,0.0,0.0,0.0,14.419637254682216,313.15,315.446983003618,1.855,0.0,0.06905,0.29,0.0,0.0
2017-01-03 08:00:00+01:00,1.0,0.0,0.0,0.0,1.0,1.0,0.0,1.0,0.0,0.0,0.0,0.0,0.0,0.0,0.0,0.0,0.0791666666666666,0.0,0.6318333333333334,0.0,0.0,0.0,0.0,0.0,0.0,0.0,0.0,0.0,0.0,0.0,0.0,0.6318333333333334,0.0,0.0,0.0,0.0,0.0,0.0,0.0,0.0,0.0,0.0,0.0,0.0,0.0016666666666666,0.0041666666666666,0.0041666666666666,0.0,0.0,0.0,0.0,0.0,0.0,0.0,0.0,0.0,0.0,0.0,13.787803921348882,313.15,315.446983003618,0.711,0.085,0.07297,0.29,0.08333333333333319,0.08083333333333319
2017-01-03 09:00:00+01:00,1.0,1.0,0.0,0.0,0.0,1.0,0.0,1.0,0.8099380804953559,0.0,0.0,0.0,0.0,0.0,0.0,0.0,0.541,0.0,0.0,0.0,0.0,0.0,0.0,0.0,0.0,0.0,0.8099380804953559,0.0,0.0,0.0,0.0,0.0,0.0,0.0,0.0,0.0,0.0,0.0,0.0,0.0,0.0,0.0664149226006191,0.0,0.0,0.0275882352941176,0.0284736842105263,0.0284736842105263,0.0,0.0,0.0,0.0,0.0,0.0,0.0,0.0,0.0,0.0,0.7435231578947368,13.787803921348882,313.15,315.446983003618,0.541,1.407,0.07437,0.29,0.5694736842105264,1.3785263157894736
2017-01-03 10:00:00+01:00,1.0,1.0,0.0,0.0,0.0,1.0,0.0,1.0,0.0,1.4949803921568623,0.0,0.0,0.0,0.0,0.0,0.0,0.541,0.0,0.0,0.0,0.0,0.0,0.0,0.0,0.0,0.0,0.0,1.4949803921568623,0.0,0.0,0.0,0.0,0.0,0.0,0.0,0.0,0.0,0.0,0.0,0.0,0.0,0.0,0.0,0.0,0.0428627450980392,0.1071568627450981,0.1071568627450981,0.0,0.0,0.0,0.0,0.0,0.0,0.0,0.0,0.0,0.0,0.7435231578947368,15.282784313505744,313.15,315.446983003618,0.541,2.186,0.0751899999999999,0.29,0.6481568627450981,0.5838627450980393
2017-01-03 11:00:00+01:00,1.0,1.0,0.0,0.0,0.0,1.0,0.0,1.0,0.0,1.161745098039215,0.0,0.0,0.0,0.0,0.0,0.0,1.461,0.0,0.0,0.0,0.0,0.0,0.0,0.0,0.0,0.0,0.0,1.161745098039215,0.0,0.0,0.0,0.0,0.0,0.0,0.0,0.0,0.0,0.0,0.0,0.0,0.0,0.0,0.0,0.0,0.0552156862745098,0.1380392156862746,0.1380392156862746,0.0,0.0,0.0,0.0,0.0,0.0,0.0,0.0,0.0,0.0,0.7435231578947368,16.44452941154496,313.15,315.446983003618,1.461,2.816,0.07422,0.29,1.5990392156862747,1.51621568627451
2017-01-03 12:00:00+01:00,1.0,0.0,0.0,0.0,1.0,1.0,0.0,1.0,0.0,0.0,0.0,0.0,0.0,0.0,0.0,0.0,2.673970588235293,0.0,0.3550294117647063,0.0,0.0,0.0,0.0,0.0,0.0,0.0,0.0,0.0,0.0,0.0,0.0,0.3550294117647063,0.0,0.0,0.0,0.0,0.0,0.0,0.0,0.0,0.0,0.0,0.0,0.0,0.0562941176470588,0.1407352941176471,0.1407352941176471,0.0,0.0,0.0,0.0,0.0,0.0,0.0,0.0,0.0,0.0,0.7435231578947368,16.08949999978025,313.15,315.446983003618,3.029,2.871,0.07017,0.29,2.81470588235294,2.7302647058823517
2017-01-03 13:00:00+01:00,1.0,1.0,0.0,0.0,0.0,1.0,0.0,1.0,0.0,1.5077941176191187,0.0,0.0,0.0,0.0,0.0,0.0,1.3450000000279396,0.0,0.0,0.0,0.0,0.0,0.0,0.0,0.0,0.0,0.0,1.5077941176191187,0.0,0.0,0.0,0.0,0.0,0.0,0.0,0.0,0.0,0.0,0.0,0.0,0.0,0.0,0.0,0.0,0.0600588235294118,0.1501470588235295,0.1501470588235295,0.0,0.0,0.0,0.0,0.0,0.0,0.0,0.0,0.0,0.0,0.7435231578947368,17.59729411742731,313.15,315.446983003618,1.345,3.063,0.07016,0.29,1.495147058851469,1.4050588235573513
2017-01-03 14:00:00+01:00,1.0,1.0,0.0,0.0,0.0,1.0,0.0,1.0,0.0,1.97556862745098,0.0,0.0,0.0,2.6367796834847443e-16,0.0,0.0,0.541,0.0,0.0,0.0,0.0,0.0,0.0,0.0,0.0,0.0,0.0,1.97556862745098,0.0,0.0,0.0,0.0,0.0,0.0,0.0,0.0,0.0,0.0,0.0,0.0,0.0,0.0,0.0,0.0,0.0529803921568627,0.1324509803921569,0.1324509803921569,0.0,0.0,0.0,0.0,0.0,0.0,0.0,0.0,0.0,0.0,0.7435231578947368,19.57286274487829,313.15,315.446983003618,0.541,2.702,0.0702,0.29,0.6734509803921571,0.5939803921568629
2017-01-03 15:00:00+01:00,0.0,1.0,0.0,1.0,0.0,1.0,0.0,1.0,0.0,1.6606372549019603,0.0,0.0,0.0,0.0,0.0,0.0,0.0,0.0,0.0,0.0,0.0,0.0,0.0,0.5410000000000013,0.0,0.0,0.0,1.6606372549019603,0.0,0.0,0.5694736842105277,0.0,0.0,0.0,0.0,0.0,0.0,0.0,0.0,0.0,0.0,0.0,0.0,0.0,0.0349607843137255,0.1158756449948402,0.0874019607843138,0.0284736842105264,0.0,0.0,0.0,0.0,0.0,0.0,0.0,0.0,0.0,0.1740494736842091,21.23349999978025,313.15,315.446983003618,0.541,1.783,0.07227,0.29,0.6568756449948414,0.0349607843137255
2017-01-03 16:00:00+01:00,1.0,0.0,0.0,0.0,1.0,1.0,0.0,1.0,0.0,0.0,0.0,0.0,0.0,0.0,0.0,0.0,0.0474999999999999,0.0,1.4135,0.0,0.0,0.0,0.0,0.0,0.0,0.0,0.0,0.0,0.0,0.0,0.0,1.4135,0.0,0.0,0.0,0.0,0.0,0.0,0.0,0.0,0.0,0.0,0.0,0.0,0.001,0.0025,0.0025,0.0,0.0,0.0,0.0,0.0,0.0,0.0,0.0,0.0,0.0,0.1740494736842091,19.81999999978025,313.15,315.446983003618,1.461,0.051,0.07508,0.29,0.049999999999999906,0.048499999999999904
2017-01-03 17:00:00+01:00,0.0,0.0,1.0,1.0,1.0,1.0,0.0,0.0,0.0,0.0,0.0,0.0,0.0,0.0,0.0,0.0,0.0,0.0,3.091000000014901,0.0,0.0,0.0,0.0,0.0,0.0,0.0,0.0,0.0,0.0,0.0,0.0,3.091000000014901,0.0,0.0,0.0,0.0,0.0,0.0,0.0,0.0,0.0,0.0,0.0,0.0,0.0,0.0,0.0,0.0,0.0,0.0,0.0,0.0,0.0,0.0,0.0,0.0,0.0,0.1740494736842091,16.72899999976535,313.15,315.446983003618,3.091,0.0,0.08444,0.29,0.0,0.0
2017-01-03 18:00:00+01:00,0.0,0.0,1.0,1.0,1.0,1.0,0.0,0.0,0.0,0.0,0.0,0.0,0.0,0.0,0.0,0.0,0.0,0.0,2.411,0.0,0.0,0.0,0.0,0.0,0.0,0.0,0.0,0.0,0.0,0.0,0.0,2.411,0.0,0.0,0.0,0.0,0.0,0.0,0.0,0.0,0.0,0.0,0.0,0.0,0.0,0.0,0.0,0.0,0.0,0.0,0.0,0.0,0.0,0.0,0.0,0.0,0.0,0.1740494736842091,12.572399999865205,313.15,315.446983003618,2.411,0.0,0.08592,0.29,0.0,0.0
2017-01-03 19:00:00+01:00,0.0,1.0,1.0,1.0,0.0,1.0,0.0,0.0,0.0,0.0,0.0,0.0,0.0,0.0,0.0,0.0,0.0,0.0,0.0,0.0,0.0,0.0,0.0,0.0,0.0,0.0,0.0,0.0,1.7455999999999978,2.133,0.0,0.0,0.0,0.0,0.0,0.0,0.0,0.0,2.133,0.0,0.0,0.0,0.0,0.0,0.0,0.0,0.0,0.0,0.0,0.0,0.0,0.0,0.0,0.0,0.0,0.0,0.0,0.1740494736842091,14.317999999865204,313.15,315.446983003618,2.133,0.0,0.08266,0.29,0.0,0.0
2017-01-03 20:00:00+01:00,0.0,1.0,1.0,1.0,0.0,1.0,0.0,0.0,0.0,0.0,0.0,0.0,0.0,0.0,0.0,0.0,0.0,0.0,0.0,0.0,0.0,0.0,0.0,0.0,0.0,0.0,0.0,0.0,0.0,1.855,0.0,0.0,0.0,0.0,0.0,0.0,0.0,0.0,1.855,0.0,0.0,0.0,0.0,0.0,0.0,0.0,0.0,0.0,0.0,0.0,0.0,0.0,0.0,0.0,0.0,0.0,0.0,0.1740494736842091,14.317999999865204,313.15,315.446983003618,1.855,0.0,0.07707,0.29,0.0,0.0
2017-01-03 21:00:00+01:00,0.0,1.0,1.0,1.0,0.0,1.0,0.0,0.0,0.0,0.0,0.0,0.0,0.0,0.0,0.0,0.0,0.0,0.0,0.0,0.0,0.0,0.0,0.0,0.0,0.0,0.0,0.0,0.0,0.0,2.318,0.0,0.0,0.0,0.0,0.0,0.0,0.0,0.0,2.318,0.0,0.0,0.0,0.0,0.0,0.0,0.0,0.0,0.0,0.0,0.0,0.0,0.0,0.0,0.0,0.0,0.0,0.0,0.1740494736842091,14.317999999865204,313.15,315.446983003618,2.318,0.0,0.07071,0.29,0.0,0.0
2017-01-03 22:00:00+01:00,0.0,0.0,1.0,1.0,1.0,1.0,0.0,0.0,0.0,0.0,0.0,0.0,0.0,0.0,0.0,0.0,0.0,0.0,2.318,0.0,0.0,0.0,0.0,0.0,0.0,0.0,0.0,0.0,0.0,0.0,0.0,2.318,0.0,0.0,0.0,0.0,0.0,0.0,0.0,0.0,0.0,0.0,0.0,0.0,0.0,0.0,0.0,0.0,0.0,0.0,0.0,0.0,0.0,0.0,0.0,0.0,0.0,0.1740494736842091,12.0,313.15,315.446983003618,2.318,0.0,0.06931,0.29,0.0,0.0
2017-01-03 23:00:00+01:00,0.0,1.0,1.0,1.0,0.0,1.0,0.0,0.0,0.0,0.0,0.0,0.0,0.0,0.0,0.0,0.0,0.0,0.0,0.0,0.0,0.0,0.0,0.0,0.1653469999999986,0.0,0.0,0.0,0.0,0.0,0.1046529999813749,0.1740494736842091,0.0,0.0,0.0,0.0,0.0,0.0,0.0,0.1046529999813749,0.0,0.0,0.0,0.0,0.0,0.0,0.0087024736842104,0.0,0.0087024736842104,0.0,0.0,0.0,0.0,0.0,0.0,0.0,0.0,0.0,0.0,12.0,313.15,315.446983003618,0.27,0.0,0.06608,0.29,0.174049473684209,0.0
2017-01-04 00:00:00+01:00,1.0,1.0,1.0,0.0,0.0,1.0,0.0,0.0,0.0,0.0,0.0,0.0,0.0,0.0,0.0,0.0,0.0,0.0,0.0,0.0,0.0,0.0,0.0,0.0,0.0,0.0,0.0,0.0,0.0,0.27,0.0,0.0,0.0,0.0,0.0,0.0,0.0,0.0,0.27,0.0,0.0,0.0,0.0,0.0,0.0,0.0,0.0,0.0,0.0,0.0,0.0,0.0,0.0,0.0,0.0,0.0,0.0,0.0,12.0,313.15,315.446983003618,0.27,0.0,0.0556,0.29,0.0,0.0
2017-01-04 01:00:00+01:00,1.0,1.0,1.0,0.0,0.0,1.0,0.0,0.0,0.0,0.0,0.0,0.0,0.0,0.0,0.0,0.0,0.0,0.0,0.0,0.0,0.0,0.0,0.0,0.0,0.0,0.0,0.0,0.0,0.0,0.27,0.0,0.0,0.0,0.0,0.0,0.0,0.0,0.0,0.27,0.0,0.0,0.0,0.0,0.0,0.0,0.0,0.0,0.0,0.0,0.0,0.0,0.0,0.0,0.0,0.0,0.0,0.0,0.0,12.0,313.15,315.446983003618,0.27,0.0,0.05359,0.29,0.0,0.0
2017-01-04 02:00:00+01:00,1.0,1.0,1.0,0.0,0.0,1.0,0.0,0.0,0.0,0.0,0.0,0.0,0.0,0.0,0.0,0.0,0.0,0.0,0.0,0.0,0.0,0.0,0.0,0.0,0.0,0.0,0.0,0.0,0.0,0.27,0.0,0.0,0.0,0.0,0.0,0.0,0.0,0.0,0.27,0.0,0.0,0.0,0.0,0.0,0.0,0.0,0.0,0.0,0.0,0.0,0.0,0.0,0.0,0.0,0.0,0.0,0.0,0.0,12.0,313.15,315.446983003618,0.27,0.0,0.05267,0.29,0.0,0.0
2017-01-04 03:00:00+01:00,1.0,1.0,1.0,0.0,0.0,1.0,0.0,0.0,0.0,0.0,0.0,0.0,0.0,0.0,0.0,0.0,0.0,0.0,0.0,0.0,0.0,0.0,0.0,0.0,0.0,0.0,0.0,0.0,0.0,0.27,0.0,0.0,0.0,0.0,0.0,0.0,0.0,0.0,0.27,0.0,0.0,0.0,0.0,0.0,0.0,0.0,0.0,0.0,0.0,0.0,0.0,0.0,0.0,0.0,0.0,0.0,0.0,0.0,12.0,313.15,315.446983003618,0.27,0.0,0.05248,0.29,0.0,0.0
2017-01-04 04:00:00+01:00,1.0,1.0,1.0,0.0,0.0,1.0,0.0,0.0,0.0,0.0,0.0,0.0,0.0,0.0,0.0,0.0,0.0,0.0,0.0,0.0,0.0,0.0,0.0,0.0,0.0,0.0,0.0,2.5017352940887765,0.0,2.7717352940887765,0.0,0.0,0.0,2.5017352940887765,0.0,0.0,0.0,0.0,0.27,0.0,0.0,0.0,0.0,0.0,0.0,0.0,0.0,0.0,0.0,0.0,0.0,0.0,0.0,0.0,0.0,0.0,0.0,0.0,14.501735294088776,313.15,315.446983003618,0.27,0.0,0.0527,0.29,0.0,0.0
2017-01-04 05:00:00+01:00,1.0,1.0,1.0,0.0,0.0,1.0,0.0,0.0,0.0,0.0,0.0,0.0,0.0,0.0,0.0,0.0,0.0,0.0,0.0,0.0,0.0,0.0,0.0,0.0,0.0,0.0,0.0,0.0,0.0,0.27,0.0,0.0,0.0,0.0,0.0,0.0,0.0,0.0,0.27,0.0,0.0,0.0,0.0,0.0,0.0,0.0,0.0,0.0,0.0,0.0,0.0,0.0,0.0,0.0,0.0,0.0,0.0,0.0,14.501735294088776,313.15,315.446983003618,0.27,0.0,0.0534399999999999,0.29,0.0,0.0
2017-01-04 06:00:00+01:00,1.0,1.0,1.0,0.0,0.0,1.0,0.0,0.0,0.0,0.0,0.0,0.0,0.0,0.0,0.0,0.0,0.0,0.0,0.0,0.0,0.0,0.0,0.0,0.0,0.0,0.0,0.0,0.0,0.0,2.164000000010245,0.0,0.0,0.0,0.0,0.0,0.0,0.0,0.0,2.164000000010245,0.0,0.0,0.0,0.0,0.0,0.0,0.0,0.0,0.0,0.0,0.0,0.0,0.0,0.0,0.0,0.0,0.0,0.0,0.0,14.50173529409902,313.15,315.446983003618,2.164,0.0,0.0610799999999999,0.29,0.0,0.0
2017-01-04 07:00:00+01:00,1.0,0.0,1.0,0.0,1.0,1.0,0.0,0.0,0.0,0.0,0.0,0.0,0.0,0.0,0.0,0.0,0.0,0.0,1.854999999981373,0.0,0.0,0.0,0.0,0.0,0.0,0.0,0.0,0.0,0.0,0.0,0.0,1.854999999981373,0.0,0.0,0.0,0.0,0.0,0.0,0.0,0.0,0.0,0.0,0.0,0.0,0.0,0.0,0.0,0.0,0.0,0.0,0.0,0.0,0.0,0.0,0.0,0.0,0.0,0.0,12.646735294117647,313.15,315.446983003618,1.855,0.0,0.06905,0.29,0.0,0.0
2017-01-04 08:00:00+01:00,1.0,0.0,0.0,0.0,1.0,1.0,0.0,1.0,0.0,0.0,0.0,0.0,0.0,0.0,0.0,0.0,0.0642647058823529,0.0,0.6467352941176471,0.0,0.0,0.0,0.0,0.0,0.0,0.0,0.0,0.0,0.0,0.0,0.0,0.6467352941176471,0.0,0.0,0.0,0.0,0.0,0.0,0.0,0.0,0.0,0.0,0.0,0.0,0.0013529411764705,0.0033823529411764,0.0033823529411764,0.0,0.0,0.0,0.0,0.0,0.0,0.0,0.0,0.0,0.0,0.0,12.0,313.15,315.446983003618,0.711,0.069,0.07112,0.29,0.06764705882352931,0.0656176470588234
2017-01-04 09:00:00+01:00,1.0,1.0,0.0,0.0,0.0,1.0,0.0,1.0,1.179545923632611,0.0,0.0,0.0,0.0,0.0,0.0,0.0,0.541,0.0,0.0,0.0,0.0,0.0,0.0,0.0,0.0,0.0,1.179545923632611,0.0,0.0,0.0,0.0,0.0,0.0,0.0,0.0,0.0,0.0,0.0,0.0,0.0,0.0,0.096722765737874,0.0,0.0,0.0349803921568627,0.0284736842105263,0.0284736842105263,0.0,0.0,0.0,0.0,0.0,0.0,0.0,0.0,0.0,0.0,1.0828231578947367,12.0,313.15,315.446983003618,0.541,1.784,0.07138,0.29,0.5694736842105264,1.7555263157894736
2017-01-04 10:00:00+01:00,1.0,1.0,0.0,0.0,0.0,1.0,0.0,1.0,0.0812693498148045,1.929098039244563,0.0,0.0,0.0,0.0,0.0,0.0,0.541,0.0,0.0,0.0,0.0,0.0,0.0,0.0,0.0,0.0,0.0812693498148045,1.929098039244563,0.0,0.0,0.0,0.0,0.0,0.0,0.0,0.0,0.0,0.0,0.0,0.0,0.0,0.0066640866848139,0.0,0.0,0.0536274509803921,0.1300051599602402,0.1300051599602402,0.0,0.0,0.0,0.0,0.0,0.0,0.0,0.0,0.0,0.0,1.1574284210247272,13.929098039244565,313.15,315.446983003618,0.541,2.735,0.07215,0.29,0.6710051599602402,0.6758968007951967
2017-01-04 11:00:00+01:00,1.0,1.0,0.0,0.0,0.0,1.0,0.0,1.0,0.0,2.3930196078431365,0.0,0.0,0.0,0.0,0.0,0.0,1.461,0.0,0.0,0.0,0.0,0.0,0.0,0.0,0.0,0.0,0.0,2.3930196078431365,0.0,0.0,0.0,0.0,0.0,0.0,0.0,0.0,0.0,0.0,0.0,0.0,0.0,0.0,0.0,0.0,0.0811372549019608,0.2028431372549021,0.2028431372549021,0.0,0.0,0.0,0.0,0.0,0.0,0.0,0.0,0.0,0.0,1.1574284210247272,16.3221176470877,313.15,315.446983003618,1.461,4.138,0.07106,0.29,1.663843137254902,1.542137254901961
2017-01-04 12:00:00+01:00,1.0,1.0,1.0,0.0,0.0,1.0,0.0,0.0,1.576284829721362,0.0,0.0,0.0,0.0,0.0,0.0,0.0,3.029,0.0,0.0,0.0,0.0,0.0,0.0,0.0,0.0,0.0,1.576284829721362,0.0,0.0,0.0,0.0,0.0,0.0,0.0,0.0,0.0,0.0,0.0,0.0,0.0,0.0,0.1292553560371516,0.0,0.0,0.0952941176470588,0.1594210526315791,0.1594210526315791,0.0,0.0,0.0,0.0,0.0,0.0,0.0,0.0,0.0,0.0,2.6044578947089376,16.3221176470877,313.15,315.446983003618,3.029,4.86,0.07061,0.29,3.188421052631579,4.700578947368421
2017-01-04 13:00:00+01:00,1.0,0.0,0.0,0.0,1.0,1.0,0.0,1.0,4.0,0.0,0.0,0.0,0.0,0.0,0.0,0.0,0.4293627450980394,0.0,0.9156372549019606,0.0,0.0,0.0,0.0,0.0,0.0,0.0,4.0,0.0,0.0,0.0,0.0,0.9156372549019606,0.0,0.0,0.0,0.0,0.0,0.0,0.0,0.0,0.0,0.3279999999999998,0.0,0.0,0.0890392156862746,0.0225980392156863,0.0225980392156863,0.0,0.0,0.0,0.0,0.0,0.0,0.0,0.0,0.0,0.0,6.276457894708938,15.40648039218574,313.15,315.446983003618,1.345,4.541,0.06994,0.29,0.4519607843137257,4.518401960784314
2017-01-04 14:00:00+01:00,1.0,1.0,0.0,0.0,0.0,1.0,0.0,1.0,0.0,3.843901960784313,0.0,0.0,0.0,0.0,0.0,0.0,0.541,0.0,0.0,0.0,0.0,0.0,0.0,0.0,0.0,0.0,0.0,3.843901960784313,0.0,0.0,0.0,0.0,0.0,0.0,0.0,0.0,0.0,0.0,0.0,0.0,0.0,0.0,0.0,0.0,0.0923137254901961,0.2307843137254903,0.2307843137254903,0.0,0.0,0.0,0.0,0.0,0.0,0.0,0.0,0.0,0.0,6.276457894708938,19.250382352970053,313.15,315.446983003618,0.541,4.708,0.0676799999999999,0.29,0.7717843137254903,0.6333137254901962
2017-01-04 15:00:00+01:00,1.0,1.0,0.0,0.0,0.0,1.0,0.0,1.0,0.0,2.300617647058823,0.0,0.0,0.0,0.0,0.0,0.0,0.541,0.0,0.0,0.0,0.0,0.0,0.0,0.0,0.0,0.0,0.0,2.300617647058823,0.0,0.0,0.0,0.0,0.0,0.0,0.0,0.0,0.0,0.0,0.0,0.0,0.0,0.0,0.0,0.0,0.0598235294117647,0.1495588235294118,0.1495588235294118,0.0,0.0,0.0,0.0,0.0,0.0,0.0,0.0,0.0,0.0,6.276457894708938,21.551000000028875,313.15,315.446983003618,0.541,3.051,0.0674,0.29,0.6905588235294118,0.6008235294117648
2017-01-04 16:00:00+01:00,1.0,0.0,0.0,0.0,1.0,1.0,0.0,1.0,0.2823529411872542,0.0,0.0,0.0,0.0,0.0,0.0,0.0,0.0,0.0,1.4610000000102443,0.0,0.0,0.0,0.0,0.0,0.0,0.0,0.2823529411872542,0.0,0.0,0.0,0.0,1.4610000000102443,0.0,0.0,0.0,0.0,0.0,0.0,0.0,0.0,0.0,0.0231529411773548,0.0,0.0,0.0056470588235294,0.0,0.0,0.0,0.0,0.0,0.0,0.0,0.0,0.0,0.0,0.0,0.0,6.535657894718837,20.09000000001863,313.15,315.446983003618,1.461,0.288,0.06905,0.29,0.0,0.2880000000107836
2017-01-04 17:00:00+01:00,0.0,0.0,1.0,1.0,1.0,1.0,0.0,0.0,0.0,0.0,0.0,0.0,0.0,0.0,0.0,0.0,0.0,0.0,3.091,0.0,0.0,0.0,0.0,0.0,0.0,0.0,0.0,0.0,0.0,0.0,0.0,3.091,0.0,0.0,0.0,0.0,0.0,0.0,0.0,0.0,0.0,0.0,0.0,0.0,0.0,0.0,0.0,0.0,0.0,0.0,0.0,0.0,0.0,0.0,0.0,0.0,0.0,6.535657894718837,16.99900000001863,313.15,315.446983003618,3.091,0.0,0.07205,0.29,0.0,0.0
2017-01-04 18:00:00+01:00,0.0,0.0,1.0,1.0,1.0,1.0,0.0,0.0,0.0,0.0,0.0,0.0,0.0,0.0,0.0,0.0,0.0,0.0,2.411,0.0,0.0,0.0,0.0,0.0,0.0,0.0,0.0,0.0,0.0,0.0,0.0,2.411,0.0,0.0,0.0,0.0,0.0,0.0,0.0,0.0,0.0,0.0,0.0,0.0,0.0,0.0,0.0,0.0,0.0,0.0,0.0,0.0,0.0,0.0,0.0,0.0,0.0,6.535657894718837,12.842400000018628,313.15,315.446983003618,2.411,0.0,0.07296,0.29,0.0,0.0
2017-01-04 19:00:00+01:00,0.0,1.0,1.0,1.0,0.0,1.0,0.0,0.0,0.0,0.0,0.0,0.0,0.0,0.0,0.0,0.0,0.0,0.0,0.0,0.0,0.0,0.0,0.0,2.133,0.0,0.0,0.0,0.0,0.0,0.0,2.245263157894737,0.0,0.0,0.0,0.0,0.0,0.0,0.0,0.0,0.0,0.0,0.0,0.0,0.0,0.0,0.1122631578947369,0.0,0.1122631578947369,0.0,0.0,0.0,0.0,0.0,0.0,0.0,0.0,0.0,4.2903947368241,12.842400000018628,313.15,315.446983003618,2.133,0.0,0.07107,0.29,2.245263157894737,0.0
2017-01-04 20:00:00+01:00,0.0,1.0,1.0,1.0,0.0,1.0,0.0,0.0,0.0,0.0,0.0,0.0,0.0,0.0,0.0,0.0,0.0,0.0,0.0,0.0,0.0,0.0,0.0,1.8550000000000015,0.0,0.0,0.0,0.0,0.0,0.0,1.9526315789473705,0.0,0.0,0.0,0.0,0.0,0.0,0.0,0.0,0.0,0.0,0.0,0.0,0.0,0.0,0.0976315789473686,0.0,0.0976315789473686,0.0,0.0,0.0,0.0,0.0,0.0,0.0,0.0,0.0,2.33776315787673,12.842400000018628,313.15,315.446983003618,1.855,0.0,0.06651,0.29,1.95263157894737,0.0
2017-01-04 21:00:00+01:00,0.0,1.0,1.0,1.0,0.0,1.0,0.0,0.0,0.0,0.0,0.0,0.0,0.0,0.0,0.0,0.0,0.0,0.0,0.0,0.0,0.0,0.0,0.0,2.2208749999828936,0.0,0.0,0.0,0.0,1.7455999999999978,0.0971250000171064,2.33776315787673,0.0,0.0,0.0,0.0,0.0,0.0,0.0,0.0971250000171064,0.0,0.0,0.0,0.0,0.0,0.0,0.1168881578938366,0.0,0.1168881578938366,0.0,0.0,0.0,0.0,0.0,0.0,0.0,0.0,0.0,0.0,14.588000000018626,313.15,315.446983003618,2.318,0.0,0.06508,0.29,2.33776315787673,0.0
2017-01-04 22:00:00+01:00,0.0,0.0,1.0,1.0,1.0,1.0,0.0,0.0,0.0,0.0,0.0,0.0,0.0,0.0,0.0,0.0,0.0,0.0,2.318,0.0,0.0,0.0,0.0,0.0,0.0,0.0,0.0,0.0,0.0,0.0,0.0,2.318,0.0,0.0,0.0,0.0,0.0,0.0,0.0,0.0,0.0,0.0,0.0,0.0,0.0,0.0,0.0,0.0,0.0,0.0,0.0,0.0,0.0,0.0,0.0,0.0,0.0,0.0,12.270000000018626,313.15,315.446983003618,2.318,0.0,0.06308,0.29,0.0,0.0
2017-01-04 23:00:00+01:00,0.0,0.0,1.0,1.0,1.0,1.0,0.0,0.0,0.0,0.0,0.0,0.0,0.0,0.0,0.0,0.0,0.0,0.0,0.2700000000186264,0.0,0.0,0.0,0.0,0.0,0.0,0.0,0.0,0.0,0.0,0.0,0.0,0.2700000000186264,0.0,0.0,0.0,0.0,0.0,0.0,0.0,0.0,0.0,0.0,0.0,0.0,0.0,0.0,0.0,0.0,0.0,0.0,0.0,0.0,0.0,0.0,0.0,0.0,0.0,0.0,12.0,313.15,315.446983003618,0.27,0.0,0.06055,0.29,0.0,0.0
2017-01-05 00:00:00+01:00,1.0,1.0,1.0,0.0,0.0,1.0,0.0,0.0,0.0,0.0,0.0,0.0,0.0,0.0,0.0,0.0,0.0,0.0,0.0,0.0,0.0,0.0,0.0,0.0,0.0,0.0,0.0,0.0,0.0,0.27,0.0,0.0,0.0,0.0,0.0,0.0,0.0,0.0,0.27,0.0,0.0,0.0,0.0,0.0,0.0,0.0,0.0,0.0,0.0,0.0,0.0,0.0,0.0,0.0,0.0,0.0,0.0,0.0,12.0,313.15,315.446983003618,0.27,0.0,0.05796,0.29,0.0,0.0
2017-01-05 01:00:00+01:00,1.0,1.0,1.0,0.0,0.0,1.0,0.0,0.0,0.0,0.0,0.0,0.0,0.0,0.0,0.0,0.0,0.0,0.0,0.0,0.0,0.0,0.0,0.0,0.0,0.0,0.0,0.0,0.0,0.0,0.27,0.0,0.0,0.0,0.0,0.0,0.0,0.0,0.0,0.27,0.0,0.0,0.0,0.0,0.0,0.0,0.0,0.0,0.0,0.0,0.0,0.0,0.0,0.0,0.0,0.0,0.0,0.0,0.0,12.0,313.15,315.446983003618,0.27,0.0,0.05399,0.29,0.0,0.0
2017-01-05 02:00:00+01:00,1.0,1.0,1.0,0.0,0.0,1.0,0.0,0.0,0.0,0.0,0.0,0.0,0.0,0.0,0.0,0.0,0.0,0.0,0.0,0.0,0.0,0.0,0.0,0.0,0.0,0.0,0.0,0.0,0.0,0.27,0.0,0.0,0.0,0.0,0.0,0.0,0.0,0.0,0.27,0.0,0.0,0.0,0.0,0.0,0.0,0.0,0.0,0.0,0.0,0.0,0.0,0.0,0.0,0.0,0.0,0.0,0.0,0.0,12.0,313.15,315.446983003618,0.27,0.0,0.05207,0.29,0.0,0.0
2017-01-05 03:00:00+01:00,1.0,1.0,1.0,0.0,0.0,1.0,0.0,0.0,0.0,0.0,0.0,0.0,0.0,0.0,0.0,0.0,0.0,0.0,0.0,0.0,0.0,0.0,0.0,0.0,0.0,0.0,0.0,0.0,0.0,0.27,0.0,0.0,0.0,0.0,0.0,0.0,0.0,0.0,0.27,0.0,0.0,0.0,0.0,0.0,0.0,0.0,0.0,0.0,0.0,0.0,0.0,0.0,0.0,0.0,0.0,0.0,0.0,0.0,12.0,313.15,315.446983003618,0.27,0.0,0.05101,0.29,0.0,0.0
2017-01-05 04:00:00+01:00,1.0,1.0,1.0,0.0,0.0,1.0,0.0,0.0,0.0,0.0,0.0,0.0,0.0,0.0,0.0,0.0,0.0,0.0,0.0,0.0,0.0,0.0,0.0,0.0,0.0,0.0,0.0,2.7046470587946594,0.0,2.9746470587946594,0.0,0.0,0.0,2.7046470587946594,0.0,0.0,0.0,0.0,0.27,0.0,0.0,0.0,0.0,0.0,0.0,0.0,0.0,0.0,0.0,0.0,0.0,0.0,0.0,0.0,0.0,0.0,0.0,0.0,14.70464705879466,313.15,315.446983003618,0.27,0.0,0.04829,0.29,0.0,0.0
2017-01-05 05:00:00+01:00,1.0,1.0,1.0,0.0,0.0,1.0,0.0,0.0,0.0,0.0,0.0,0.0,0.0,0.0,0.0,0.0,0.0,0.0,0.0,0.0,0.0,0.0,0.0,0.0,0.0,0.0,0.0,0.0,0.0,0.27,0.0,0.0,0.0,0.0,0.0,0.0,0.0,0.0,0.27,0.0,0.0,0.0,0.0,0.0,0.0,0.0,0.0,0.0,0.0,0.0,0.0,0.0,0.0,0.0,0.0,0.0,0.0,0.0,14.70464705879466,313.15,315.446983003618,0.27,0.0,0.0498,0.29,0.0,0.0
2017-01-05 06:00:00+01:00,1.0,1.0,1.0,0.0,0.0,1.0,0.0,0.0,0.0,0.0,0.0,0.0,0.0,0.0,0.0,0.0,0.0,0.0,0.0,0.0,0.0,0.0,0.0,0.0,0.0,0.0,0.0,0.0,0.0,2.164000000010245,0.0,0.0,0.0,0.0,0.0,0.0,0.0,0.0,2.164000000010245,0.0,0.0,0.0,0.0,0.0,0.0,0.0,0.0,0.0,0.0,0.0,0.0,0.0,0.0,0.0,0.0,0.0,0.0,0.0,14.704647058804904,313.15,315.446983003618,2.164,0.0,0.0584,0.29,0.0,0.0
2017-01-05 07:00:00+01:00,1.0,0.0,1.0,0.0,1.0,1.0,0.0,0.0,0.0,0.0,0.0,0.0,0.0,0.0,0.0,0.0,0.0,0.0,1.854999999981373,0.0,0.0,0.0,0.0,0.0,0.0,0.0,0.0,0.0,0.0,0.0,0.0,1.854999999981373,0.0,0.0,0.0,0.0,0.0,0.0,0.0,0.0,0.0,0.0,0.0,0.0,0.0,0.0,0.0,0.0,0.0,0.0,0.0,0.0,0.0,0.0,0.0,0.0,0.0,0.0,12.84964705882353,313.15,315.446983003618,1.855,0.0,0.06736,0.29,0.0,0.0
2017-01-05 08:00:00+01:00,1.0,0.0,0.0,0.0,1.0,1.0,0.0,1.0,0.0,0.0,0.0,0.0,0.0,0.0,0.0,0.0,0.0325980392156862,0.0,0.6784019607843137,0.0,0.0,0.0,0.0,0.0,0.0,0.0,0.0,0.0,0.0,0.0,0.0,0.6784019607843137,0.0,0.0,0.0,0.0,0.0,0.0,0.0,0.0,0.0,0.0,0.0,0.0,0.0006862745098039,0.0017156862745098,0.0017156862745098,0.0,0.0,0.0,0.0,0.0,0.0,0.0,0.0,0.0,0.0,0.0,12.171245098039217,313.15,315.446983003618,0.711,0.035,0.07064,0.29,0.034313725490196,0.0332843137254901
2017-01-05 09:00:00+01:00,1.0,0.0,0.0,0.0,1.0,1.0,0.0,1.0,0.0,0.0,0.0,0.0,0.0,0.0,0.0,0.0,0.3697549019607842,0.0,0.1712450980392157,0.0,0.0,0.0,0.0,0.0,0.0,0.0,0.0,0.0,0.0,0.0,0.0,0.1712450980392157,0.0,0.0,0.0,0.0,0.0,0.0,0.0,0.0,0.0,0.0,0.0,0.0,0.0077843137254902,0.0194607843137255,0.0194607843137255,0.0,0.0,0.0,0.0,0.0,0.0,0.0,0.0,0.0,0.0,0.0,12.0,313.15,315.446983003618,0.541,0.397,0.06998,0.29,0.3892156862745097,0.3775392156862744
2017-01-05 10:00:00+01:00,1.0,1.0,1.0,0.0,0.0,1.0,0.0,0.0,0.0,0.1491470588235292,0.0,0.0,0.0,0.0,0.0,0.0,0.541,0.0,0.0,0.0,0.0,0.0,0.0,0.0,0.0,0.0,0.0,2.0161176470690707,0.0,1.8669705882455412,0.0,0.0,0.0,1.8669705882455412,0.0,0.0,0.0,0.0,0.0,0.0,0.0,0.0,0.0,0.0,0.0145294117647058,0.0363235294117647,0.0363235294117647,0.0,0.0,0.0,0.0,0.0,0.0,0.0,0.0,0.0,0.0,0.0,14.01611764706907,313.15,315.446983003618,0.541,0.741,0.06935,0.29,0.5773235294117647,0.5555294117647058
2017-01-05 11:00:00+01:00,0.0,1.0,1.0,1.0,0.0,1.0,0.0,0.0,0.0,1.0403431372549017,0.0,0.0,0.0,0.0,0.0,0.0,0.0,0.0,0.0,0.0,0.0,0.0,0.0,0.0,0.0,0.0,0.0,1.0403431372549017,0.0,1.4609999999897556,0.0,0.0,0.0,0.0,0.0,0.0,0.0,0.0,1.4609999999897556,0.0,0.0,0.0,0.0,0.0,0.0219019607843137,0.0547549019607843,0.0547549019607843,0.0,0.0,0.0,0.0,0.0,0.0,0.0,0.0,0.0,0.0,0.0,15.056460784313726,313.15,315.446983003618,1.461,1.117,0.06925,0.29,0.0547549019607843,0.0219019607843137
2017-01-05 12:00:00+01:00,1.0,0.0,0.0,0.0,1.0,1.0,0.0,1.0,0.0,0.0,0.0,0.0,0.0,0.0,0.0,0.0,1.167941176470588,0.0,1.861058823529412,0.0,0.0,0.0,0.0,0.0,0.0,0.0,0.0,0.0,0.0,0.0,0.0,1.861058823529412,0.0,0.0,0.0,0.0,0.0,0.0,0.0,0.0,0.0,0.0,0.0,0.0,0.0245882352941176,0.0614705882352941,0.0614705882352941,0.0,0.0,0.0,0.0,0.0,0.0,0.0,0.0,0.0,0.0,0.0,13.195401960784316,313.15,315.446983003618,3.029,1.254,0.0662799999999999,0.29,1.2294117647058822,1.1925294117647056
2017-01-05 13:00:00+01:00,1.0,0.0,1.0,0.0,1.0,1.0,0.0,0.0,0.0,0.0,0.0,0.0,0.0,0.0,0.0,0.0,1.0403431372549017,0.0,0.3046568627450983,0.0,0.0,0.0,0.0,0.0,0.0,0.0,0.0,0.0,0.0,0.0,0.0,0.3046568627450983,0.0,0.0,0.0,0.0,0.0,0.0,0.0,0.0,0.0,0.0,0.0,0.0,0.0219019607843137,0.0547549019607843,0.0547549019607843,0.0,0.0,0.0,0.0,0.0,0.0,0.0,0.0,0.0,0.0,0.0,12.890745098039217,313.15,315.446983003618,1.345,1.117,0.06669,0.29,1.095098039215686,1.0622450980392153
2017-01-05 14:00:00+01:00,1.0,1.0,1.0,0.0,0.0,1.0,0.0,0.0,0.0,0.4527745098039213,0.0,0.0,0.0,0.0,0.0,0.0,0.541,0.0,0.0,0.0,0.0,0.0,0.0,0.0,0.0,0.0,0.0,0.4527745098039213,0.0,0.0,0.0,0.0,0.0,0.0,0.0,0.0,0.0,0.0,0.0,0.0,0.0,0.0,0.0,0.0,0.0209215686274509,0.0523039215686274,0.0523039215686274,0.0,0.0,0.0,0.0,0.0,0.0,0.0,0.0,0.0,0.0,0.0,13.343519607843138,313.15,315.446983003618,0.541,1.067,0.06605,0.29,0.5933039215686274,0.5619215686274509
2017-01-05 15:00:00+01:00,1.0,1.0,0.0,0.0,0.0,1.0,0.0,1.0,0.0,0.0532156862745096,0.0,0.0,0.0,0.0,0.0,0.0,0.541,0.0,0.0,0.0,0.0,0.0,0.0,0.0,0.0,0.0,0.0,0.0532156862745096,0.0,0.0,0.0,0.0,0.0,0.0,0.0,0.0,0.0,0.0,0.0,0.0,0.0,0.0,0.0,0.0,0.0125098039215686,0.0312745098039215,0.0312745098039215,0.0,0.0,0.0,0.0,0.0,0.0,0.0,0.0,0.0,0.0,0.0,13.396735294117647,313.15,315.446983003618,0.541,0.638,0.06592,0.29,0.5722745098039216,0.5535098039215687
2017-01-05 16:00:00+01:00,1.0,0.0,1.0,0.0,1.0,1.0,0.0,0.0,0.0,0.0,0.0,0.0,0.0,0.0,0.0,0.0,0.0642647058823529,0.0,1.3967352941176472,0.0,0.0,0.0,0.0,0.0,0.0,0.0,0.0,0.0,0.0,0.0,0.0,1.3967352941176472,0.0,0.0,0.0,0.0,0.0,0.0,0.0,0.0,0.0,0.0,0.0,0.0,0.0013529411764705,0.0033823529411764,0.0033823529411764,0.0,0.0,0.0,0.0,0.0,0.0,0.0,0.0,0.0,0.0,0.0,12.0,313.15,315.446983003618,1.461,0.069,0.06708,0.29,0.06764705882352931,0.0656176470588234
2017-01-05 17:00:00+01:00,0.0,1.0,1.0,1.0,0.0,1.0,0.0,0.0,0.0,0.0,0.0,0.0,0.0,0.0,0.0,0.0,0.0,0.0,0.0,0.0,0.0,0.0,0.0,0.0,0.0,0.0,0.0,2.132999999999999,0.0,5.223999999999999,0.0,0.0,0.0,2.132999999999999,0.0,0.0,0.0,0.0,3.091,0.0,0.0,0.0,0.0,0.0,0.0,0.0,0.0,0.0,0.0,0.0,0.0,0.0,0.0,0.0,0.0,0.0,0.0,0.0,12.6428,313.15,315.446983003618,3.091,0.0,0.0736,0.29,0.0,0.0
2017-01-05 18:00:00+01:00,0.0,1.0,1.0,1.0,0.0,1.0,0.0,0.0,0.0,0.0,0.0,0.0,0.0,0.0,0.0,0.0,0.0,0.0,0.0,0.0,0.0,0.0,0.0,0.0,0.0,0.0,0.0,0.0,1.4901999999999995,2.411,0.0,0.0,0.0,0.0,0.0,0.0,0.0,0.0,2.411,0.0,0.0,0.0,0.0,0.0,0.0,0.0,0.0,0.0,0.0,0.0,0.0,0.0,0.0,0.0,0.0,0.0,0.0,0.0,14.133,313.15,315.446983003618,2.411,0.0,0.0730799999999999,0.29,0.0,0.0
2017-01-05 19:00:00+01:00,0.0,0.0,1.0,1.0,1.0,1.0,0.0,0.0,0.0,0.0,0.0,0.0,0.0,0.0,0.0,0.0,0.0,0.0,2.133,0.0,0.0,0.0,0.0,0.0,0.0,0.0,0.0,0.0,0.0,0.0,0.0,2.133,0.0,0.0,0.0,0.0,0.0,0.0,0.0,0.0,0.0,0.0,0.0,0.0,0.0,0.0,0.0,0.0,0.0,0.0,0.0,0.0,0.0,0.0,0.0,0.0,0.0,0.0,12.0,313.15,315.446983003618,2.133,0.0,0.07003,0.29,0.0,0.0
2017-01-05 20:00:00+01:00,0.0,1.0,1.0,1.0,0.0,1.0,0.0,0.0,0.0,0.0,0.0,0.0,0.0,0.0,0.0,0.0,0.0,0.0,0.0,0.0,0.0,0.0,0.0,0.0,0.0,0.0,0.0,0.0,0.0,1.855,0.0,0.0,0.0,0.0,0.0,0.0,0.0,0.0,1.855,0.0,0.0,0.0,0.0,0.0,0.0,0.0,0.0,0.0,0.0,0.0,0.0,0.0,0.0,0.0,0.0,0.0,0.0,0.0,12.0,313.15,315.446983003618,1.855,0.0,0.06649,0.29,0.0,0.0
2017-01-05 21:00:00+01:00,0.0,1.0,1.0,1.0,0.0,1.0,0.0,0.0,0.0,0.0,0.0,0.0,0.0,0.0,0.0,0.0,0.0,0.0,0.0,0.0,0.0,0.0,0.0,0.0,0.0,0.0,0.0,0.0,0.0,2.318,0.0,0.0,0.0,0.0,0.0,0.0,0.0,0.0,2.318,0.0,0.0,0.0,0.0,0.0,0.0,0.0,0.0,0.0,0.0,0.0,0.0,0.0,0.0,0.0,0.0,0.0,0.0,0.0,12.0,313.15,315.446983003618,2.318,0.0,0.063,0.29,0.0,0.0
2017-01-05 22:00:00+01:00,0.0,1.0,1.0,1.0,0.0,1.0,0.0,0.0,0.0,0.0,0.0,0.0,0.0,0.0,0.0,0.0,0.0,0.0,0.0,0.0,0.0,0.0,0.0,0.0,0.0,0.0,0.0,0.0,0.0,2.318,0.0,0.0,0.0,0.0,0.0,0.0,0.0,0.0,2.318,0.0,0.0,0.0,0.0,0.0,0.0,0.0,0.0,0.0,0.0,0.0,0.0,0.0,0.0,0.0,0.0,0.0,0.0,0.0,12.0,313.15,315.446983003618,2.318,0.0,0.06079,0.29,0.0,0.0
2017-01-05 23:00:00+01:00,0.0,1.0,1.0,1.0,0.0,1.0,0.0,0.0,0.0,0.0,0.0,0.0,0.0,0.0,0.0,0.0,0.0,0.0,0.0,0.0,0.0,0.0,0.0,0.0,0.0,0.0,0.0,0.0,0.0,0.2699999999813736,0.0,0.0,0.0,0.0,0.0,0.0,0.0,0.0,0.2699999999813736,0.0,0.0,0.0,0.0,0.0,0.0,0.0,0.0,0.0,0.0,0.0,0.0,0.0,0.0,0.0,0.0,0.0,0.0,0.0,12.0,313.15,315.446983003618,0.27,0.0,0.06051,0.29,0.0,0.0
2017-01-06 00:00:00+01:00,1.0,1.0,1.0,0.0,0.0,1.0,0.0,0.0,0.0,0.0,0.0,0.0,0.0,0.0,0.0,0.0,0.0,0.0,0.0,0.0,0.0,0.0,0.0,0.0,0.0,0.0,0.0,0.0,0.0,0.27,0.0,0.0,0.0,0.0,0.0,0.0,0.0,0.0,0.27,0.0,0.0,0.0,0.0,0.0,0.0,0.0,0.0,0.0,0.0,0.0,0.0,0.0,0.0,0.0,0.0,0.0,0.0,0.0,12.0,313.15,315.446983003618,0.27,0.0,0.05704,0.29,0.0,0.0
2017-01-06 01:00:00+01:00,1.0,1.0,1.0,0.0,0.0,1.0,0.0,0.0,0.0,0.0,0.0,0.0,0.0,0.0,0.0,0.0,0.0,0.0,0.0,0.0,0.0,0.0,0.0,0.0,0.0,0.0,0.0,0.0,0.0,0.27,0.0,0.0,0.0,0.0,0.0,0.0,0.0,0.0,0.27,0.0,0.0,0.0,0.0,0.0,0.0,0.0,0.0,0.0,0.0,0.0,0.0,0.0,0.0,0.0,0.0,0.0,0.0,0.0,12.0,313.15,315.446983003618,0.27,0.0,0.05157,0.29,0.0,0.0
2017-01-06 02:00:00+01:00,1.0,1.0,1.0,0.0,0.0,1.0,0.0,0.0,0.0,0.0,0.0,0.0,0.0,0.0,0.0,0.0,0.0,0.0,0.0,0.0,0.0,0.0,0.0,0.0,0.0,0.0,0.0,0.0,0.0,0.27,0.0,0.0,0.0,0.0,0.0,0.0,0.0,0.0,0.27,0.0,0.0,0.0,0.0,0.0,0.0,0.0,0.0,0.0,0.0,0.0,0.0,0.0,0.0,0.0,0.0,0.0,0.0,0.0,12.0,313.15,315.446983003618,0.27,0.0,0.04888,0.29,0.0,0.0
2017-01-06 03:00:00+01:00,1.0,1.0,1.0,0.0,0.0,1.0,0.0,0.0,0.0,0.0,0.0,0.0,0.0,0.0,0.0,0.0,0.0,0.0,0.0,0.0,0.0,0.0,0.0,0.0,0.0,0.0,0.0,0.0,0.0,0.27,0.0,0.0,0.0,0.0,0.0,0.0,0.0,0.0,0.27,0.0,0.0,0.0,0.0,0.0,0.0,0.0,0.0,0.0,0.0,0.0,0.0,0.0,0.0,0.0,0.0,0.0,0.0,0.0,12.0,313.15,315.446983003618,0.27,0.0,0.04537,0.29,0.0,0.0
2017-01-06 04:00:00+01:00,1.0,1.0,1.0,0.0,0.0,1.0,0.0,0.0,0.0,0.0,0.0,0.0,0.0,0.0,0.0,0.0,0.0,0.0,0.0,0.0,0.0,0.0,0.0,0.0,0.0,0.0,0.0,7.048676470531905,0.0,7.318676470531905,0.0,0.0,0.0,7.048676470531905,0.0,0.0,0.0,0.0,0.27,0.0,0.0,0.0,0.0,0.0,0.0,0.0,0.0,0.0,0.0,0.0,0.0,0.0,0.0,0.0,0.0,0.0,0.0,0.0,19.048676470531905,313.15,315.446983003618,0.27,0.0,0.04451,0.29,0.0,0.0
2017-01-06 05:00:00+01:00,1.0,1.0,1.0,0.0,0.0,1.0,0.0,0.0,0.0,0.0,0.0,0.0,0.0,0.0,0.0,0.0,0.0,0.0,0.0,0.0,0.0,0.0,0.0,0.0,0.0,0.0,0.0,0.0,0.0,0.27,0.0,0.0,0.0,0.0,0.0,0.0,0.0,0.0,0.27,0.0,0.0,0.0,0.0,0.0,0.0,0.0,0.0,0.0,0.0,0.0,0.0,0.0,0.0,0.0,0.0,0.0,0.0,0.0,19.048676470531905,313.15,315.446983003618,0.27,0.0,0.04668,0.29,0.0,0.0
2017-01-06 06:00:00+01:00,1.0,1.0,1.0,0.0,0.0,1.0,0.0,0.0,0.0,0.0,0.0,0.0,0.0,0.0,0.0,0.0,0.0,0.0,0.0,0.0,0.0,0.0,0.0,0.0,0.0,0.0,0.0,0.0,0.0,2.164000000010245,0.0,0.0,0.0,0.0,0.0,0.0,0.0,0.0,2.164000000010245,0.0,0.0,0.0,0.0,0.0,0.0,0.0,0.0,0.0,0.0,0.0,0.0,0.0,0.0,0.0,0.0,0.0,0.0,0.0,19.04867647054215,313.15,315.446983003618,2.164,0.0,0.05306,0.29,0.0,0.0
2017-01-06 07:00:00+01:00,1.0,0.0,1.0,0.0,1.0,1.0,0.0,0.0,0.0,0.0,0.0,0.0,0.0,0.0,0.0,0.0,0.0,0.0,1.854999999981373,0.0,0.0,0.0,0.0,0.0,0.0,0.0,0.0,0.0,0.0,0.0,0.0,1.854999999981373,0.0,0.0,0.0,0.0,0.0,0.0,0.0,0.0,0.0,0.0,0.0,0.0,0.0,0.0,0.0,0.0,0.0,0.0,0.0,0.0,0.0,0.0,0.0,0.0,0.0,0.0,17.193676470560778,313.15,315.446983003618,1.855,0.0,0.06064,0.29,0.0,0.0
2017-01-06 08:00:00+01:00,1.0,0.0,0.0,0.0,1.0,1.0,0.0,1.0,0.0,0.0,0.0,0.0,0.0,0.0,0.0,0.0,0.0651960784313725,0.0,0.6458039215686274,0.0,0.0,0.0,0.0,0.0,0.0,0.0,0.0,0.0,0.0,0.0,0.0,0.6458039215686274,0.0,0.0,0.0,0.0,0.0,0.0,0.0,0.0,0.0,0.0,0.0,0.0,0.0013725490196078,0.0034313725490196,0.0034313725490196,0.0,0.0,0.0,0.0,0.0,0.0,0.0,0.0,0.0,0.0,0.0,16.54787254899215,313.15,315.446983003618,0.711,0.07,0.06302,0.29,0.0686274509803921,0.0665686274509803
2017-01-06 09:00:00+01:00,1.0,1.0,0.0,0.0,0.0,1.0,0.0,1.0,0.0,0.6902745098039214,0.0,0.0,0.0,0.0,0.0,0.0,0.541,0.0,0.0,0.0,0.0,0.0,0.0,0.0,0.0,0.0,0.0,0.6902745098039214,0.0,0.0,0.0,0.0,0.0,0.0,0.0,0.0,0.0,0.0,0.0,0.0,0.0,0.0,0.0,0.0,0.025921568627451,0.0648039215686275,0.0648039215686275,0.0,0.0,0.0,0.0,0.0,0.0,0.0,0.0,0.0,0.0,0.0,17.23814705879607,313.15,315.446983003618,0.541,1.322,0.06298,0.29,0.6058039215686275,0.566921568627451
2017-01-06 10:00:00+01:00,1.0,1.0,0.0,0.0,0.0,1.0,0.0,1.0,0.0,1.5918431372549016,0.0,0.0,0.0,0.0,0.0,0.0,0.541,0.0,0.0,0.0,0.0,0.0,0.0,0.0,0.0,0.0,0.0,1.5918431372549016,0.0,0.0,0.0,0.0,0.0,0.0,0.0,0.0,0.0,0.0,0.0,0.0,0.0,0.0,0.0,0.0,0.0449019607843137,0.1122549019607844,0.1122549019607844,0.0,0.0,0.0,0.0,0.0,0.0,0.0,0.0,0.0,0.0,0.0,18.82999019605097,313.15,315.446983003618,0.541,2.29,0.06268,0.29,0.6532549019607844,0.5859019607843138
2017-01-06 11:00:00+01:00,1.0,1.0,1.0,0.0,0.0,1.0,0.0,0.0,0.0,1.542676470598479,0.0,0.0,0.0,0.0,0.0,0.0,1.4609999999897556,0.0,0.0,0.0,0.0,0.0,0.0,0.0,0.0,0.0,0.0,1.542676470598479,0.0,0.0,0.0,0.0,0.0,0.0,0.0,0.0,0.0,0.0,0.0,0.0,0.0,0.0,0.0,0.0,0.0632352941176471,0.1580882352941177,0.1580882352941177,0.0,0.0,0.0,0.0,0.0,0.0,0.0,0.0,0.0,0.0,0.0,20.372666666639205,313.15,315.446983003618,1.461,3.225,0.06266,0.29,1.6190882352838734,1.5242352941074027
2017-01-06 12:00:00+01:00,1.0,1.0,0.0,0.0,0.0,1.0,0.0,1.0,0.0,0.3081078431372546,0.0,0.0,0.0,0.0,0.0,0.0,3.029,0.0,0.0,0.0,0.0,0.0,0.0,0.0,0.0,0.0,0.0,0.3081078431372546,0.0,0.0,0.0,0.0,0.0,0.0,0.0,0.0,0.0,0.0,0.0,0.0,0.0,0.0,0.0,0.0,0.0702549019607843,0.1756372549019609,0.1756372549019609,0.0,0.0,0.0,0.0,0.0,0.0,0.0,0.0,0.0,0.0,0.0,20.68077450977646,313.15,315.446983003618,3.029,3.583,0.06204,0.29,3.204637254901961,3.099254901960784
2017-01-06 13:00:00+01:00,1.0,1.0,1.0,0.0,0.0,1.0,0.0,0.0,0.0,3.3026470588235286,0.0,0.0,0.0,0.0,0.0,0.0,0.0,0.0,0.0,0.0,0.0,0.0,0.0,0.0,0.0,0.0,0.0,3.3026470588235286,0.0,1.345,0.0,0.0,0.0,0.0,0.0,0.0,0.0,0.0,1.345,0.0,0.0,0.0,0.0,0.0,0.0695294117647059,0.1738235294117648,0.1738235294117648,0.0,0.0,0.0,0.0,0.0,0.0,0.0,0.0,0.0,0.0,0.0,23.983421568599987,313.15,315.446983003618,1.345,3.546,0.06163,0.29,0.1738235294117648,0.0695294117647059
2017-01-06 14:00:00+01:00,1.0,1.0,1.0,0.0,0.0,1.0,0.0,0.0,0.0,2.4243627450980387,0.0,0.0,0.0,0.0,0.0,0.0,0.0,0.0,0.0,0.0,0.0,0.0,0.0,0.0,0.0,0.0,0.0,2.4243627450980387,0.0,0.541,0.0,0.0,0.0,0.0,0.0,0.0,0.0,0.0,0.541,0.0,0.0,0.0,0.0,0.0,0.0510392156862745,0.1275980392156863,0.1275980392156863,0.0,0.0,0.0,0.0,0.0,0.0,0.0,0.0,0.0,0.0,0.0,26.407784313698023,313.15,315.446983003618,0.541,2.603,0.06137,0.29,0.1275980392156863,0.0510392156862745
2017-01-06 15:00:00+01:00,1.0,1.0,1.0,0.0,0.0,1.0,0.0,0.0,0.0,1.4007843137254898,0.0,0.0,0.0,0.0,0.0,0.0,0.0,0.0,0.0,0.0,0.0,0.0,0.0,0.0,0.0,0.0,0.0,1.4007843137254898,0.0,0.541,0.0,0.0,0.0,0.0,0.0,0.0,0.0,0.0,0.541,0.0,0.0,0.0,0.0,0.0,0.0294901960784313,0.0737254901960784,0.0737254901960784,0.0,0.0,0.0,0.0,0.0,0.0,0.0,0.0,0.0,0.0,0.0,27.80856862742351,313.15,315.446983003618,0.541,1.504,0.06161,0.29,0.0737254901960784,0.0294901960784313
2017-01-06 16:00:00+01:00,1.0,0.0,0.0,0.0,1.0,1.0,0.0,1.0,0.0,0.0,0.0,0.0,0.0,0.0,0.0,0.0,0.0484313725490195,0.0,1.4125686274509806,0.0,0.0,0.0,0.0,0.0,0.0,0.0,0.0,0.0,0.0,0.0,0.0,1.4125686274509806,0.0,0.0,0.0,0.0,0.0,0.0,0.0,0.0,0.0,0.0,0.0,0.0,0.0010196078431372,0.0025490196078431,0.0025490196078431,0.0,0.0,0.0,0.0,0.0,0.0,0.0,0.0,0.0,0.0,0.0,26.39599999997253,313.15,315.446983003618,1.461,0.052,0.0650299999999999,0.29,0.0509803921568626,0.049450980392156695
2017-01-06 17:00:00+01:00,0.0,0.0,1.0,1.0,1.0,1.0,0.0,0.0,0.0,0.0,0.0,0.0,0.0,0.0,0.0,0.0,0.0,0.0,3.091,0.0,0.0,0.0,0.0,0.0,0.0,0.0,0.0,0.0,0.0,0.0,0.0,3.091,0.0,0.0,0.0,0.0,0.0,0.0,0.0,0.0,0.0,0.0,0.0,0.0,0.0,0.0,0.0,0.0,0.0,0.0,0.0,0.0,0.0,0.0,0.0,0.0,0.0,0.0,21.81479999997253,313.15,315.446983003618,3.091,0.0,0.0680699999999999,0.29,0.0,0.0
2017-01-06 18:00:00+01:00,0.0,0.0,1.0,1.0,1.0,1.0,0.0,0.0,0.0,0.0,0.0,0.0,0.0,0.0,0.0,0.0,0.0,0.0,2.411,0.0,0.0,0.0,0.0,0.0,0.0,0.0,0.0,0.0,1.4901999999999944,0.0,0.0,2.411,0.0,0.0,0.0,0.0,0.0,0.0,0.0,0.0,0.0,0.0,0.0,0.0,0.0,0.0,0.0,0.0,0.0,0.0,0.0,0.0,0.0,0.0,0.0,0.0,0.0,0.0,20.893999999972525,313.15,315.446983003618,2.411,0.0,0.06726,0.29,0.0,0.0
2017-01-06 19:00:00+01:00,0.0,0.0,1.0,1.0,1.0,1.0,0.0,0.0,0.0,0.0,0.0,0.0,0.0,0.0,0.0,0.0,0.0,0.0,2.132999999972526,0.0,0.0,0.0,0.0,0.0,0.0,0.0,0.0,0.0,0.0,0.0,0.0,2.132999999972526,0.0,0.0,0.0,0.0,0.0,0.0,0.0,0.0,0.0,0.0,0.0,0.0,0.0,0.0,0.0,0.0,0.0,0.0,0.0,0.0,0.0,0.0,0.0,0.0,0.0,0.0,18.761,313.15,315.446983003618,2.133,0.0,0.06382,0.29,0.0,0.0
2017-01-06 20:00:00+01:00,0.0,0.0,1.0,1.0,1.0,1.0,0.0,0.0,0.0,0.0,0.0,0.0,0.0,0.0,0.0,0.0,0.0,0.0,1.855,0.0,0.0,0.0,0.0,0.0,0.0,0.0,0.0,0.0,0.0,0.0,0.0,1.855,0.0,0.0,0.0,0.0,0.0,0.0,0.0,0.0,0.0,0.0,0.0,0.0,0.0,0.0,0.0,0.0,0.0,0.0,0.0,0.0,0.0,0.0,0.0,0.0,0.0,0.0,16.906,313.15,315.446983003618,1.855,0.0,0.06162,0.29,0.0,0.0
2017-01-06 21:00:00+01:00,0.0,0.0,1.0,1.0,1.0,1.0,0.0,0.0,0.0,0.0,0.0,0.0,0.0,0.0,0.0,0.0,0.0,0.0,2.318,0.0,0.0,0.0,0.0,0.0,0.0,0.0,0.0,0.0,0.0,0.0,0.0,2.318,0.0,0.0,0.0,0.0,0.0,0.0,0.0,0.0,0.0,0.0,0.0,0.0,0.0,0.0,0.0,0.0,0.0,0.0,0.0,0.0,0.0,0.0,0.0,0.0,0.0,0.0,14.588,313.15,315.446983003618,2.318,0.0,0.05908,0.29,0.0,0.0
2017-01-06 22:00:00+01:00,0.0,0.0,1.0,1.0,1.0,1.0,0.0,0.0,0.0,0.0,0.0,0.0,0.0,0.0,0.0,0.0,0.0,0.0,2.318,0.0,0.0,0.0,0.0,0.0,0.0,0.0,0.0,0.0,0.0,0.0,0.0,2.318,0.0,0.0,0.0,0.0,0.0,0.0,0.0,0.0,0.0,0.0,0.0,0.0,0.0,0.0,0.0,0.0,0.0,0.0,0.0,0.0,0.0,0.0,0.0,0.0,0.0,0.0,12.27,313.15,315.446983003618,2.318,0.0,0.05974,0.29,0.0,0.0
2017-01-06 23:00:00+01:00,0.0,0.0,1.0,1.0,1.0,1.0,0.0,0.0,0.0,0.0,0.0,0.0,0.0,0.0,0.0,0.0,0.0,0.0,0.27,0.0,0.0,0.0,0.0,0.0,0.0,0.0,0.0,0.0,0.0,0.0,0.0,0.27,0.0,0.0,0.0,0.0,0.0,0.0,0.0,0.0,0.0,0.0,0.0,0.0,0.0,0.0,0.0,0.0,0.0,0.0,0.0,0.0,0.0,0.0,0.0,0.0,0.0,0.0,12.0,313.15,315.446983003618,0.27,0.0,0.0591,0.29,0.0,0.0
2017-01-07 00:00:00+01:00,1.0,1.0,1.0,0.0,0.0,1.0,0.0,0.0,0.0,0.0,0.0,0.0,0.0,0.0,0.0,0.0,0.0,0.0,0.0,0.0,0.0,0.0,0.0,0.0,0.0,0.0,0.0,0.0,0.0,0.27,0.0,0.0,0.0,0.0,0.0,0.0,0.0,0.0,0.27,0.0,0.0,0.0,0.0,0.0,0.0,0.0,0.0,0.0,0.0,0.0,0.0,0.0,0.0,0.0,0.0,0.0,0.0,0.0,12.0,313.15,315.446983003618,0.27,0.0,0.06115,0.29,0.0,0.0
2017-01-07 01:00:00+01:00,1.0,1.0,1.0,0.0,0.0,1.0,0.0,0.0,0.0,0.0,0.0,0.0,0.0,0.0,0.0,0.0,0.0,0.0,0.0,0.0,0.0,0.0,0.0,0.0,0.0,0.0,0.0,0.0,0.0,0.27,0.0,0.0,0.0,0.0,0.0,0.0,0.0,0.0,0.27,0.0,0.0,0.0,0.0,0.0,0.0,0.0,0.0,0.0,0.0,0.0,0.0,0.0,0.0,0.0,0.0,0.0,0.0,0.0,12.0,313.15,315.446983003618,0.27,0.0,0.05981,0.29,0.0,0.0
2017-01-07 02:00:00+01:00,1.0,1.0,1.0,0.0,0.0,1.0,0.0,0.0,0.0,0.0,0.0,0.0,0.0,0.0,0.0,0.0,0.0,0.0,0.0,0.0,0.0,0.0,0.0,0.0,0.0,0.0,0.0,0.0,0.0,0.27,0.0,0.0,0.0,0.0,0.0,0.0,0.0,0.0,0.27,0.0,0.0,0.0,0.0,0.0,0.0,0.0,0.0,0.0,0.0,0.0,0.0,0.0,0.0,0.0,0.0,0.0,0.0,0.0,12.0,313.15,315.446983003618,0.27,0.0,0.056,0.29,0.0,0.0
2017-01-07 03:00:00+01:00,1.0,1.0,1.0,0.0,0.0,1.0,0.0,0.0,0.0,0.0,0.0,0.0,0.0,0.0,0.0,0.0,0.0,0.0,0.0,0.0,0.0,0.0,0.0,0.0,0.0,0.0,0.0,0.0,0.0,0.27,0.0,0.0,0.0,0.0,0.0,0.0,0.0,0.0,0.27,0.0,0.0,0.0,0.0,0.0,0.0,0.0,0.0,0.0,0.0,0.0,0.0,0.0,0.0,0.0,0.0,0.0,0.0,0.0,12.0,313.15,315.446983003618,0.27,0.0,0.05167,0.29,0.0,0.0
2017-01-07 04:00:00+01:00,1.0,1.0,1.0,0.0,0.0,1.0,0.0,0.0,0.0,0.0,0.0,0.0,0.0,0.0,0.0,0.0,0.0,0.0,0.0,0.0,0.0,0.0,0.0,0.0,0.0,0.0,0.0,3.955515156833872,0.0,4.225515156833872,0.0,0.0,0.0,3.955515156833872,0.0,0.0,0.0,0.0,0.27,0.0,0.0,0.0,0.0,0.0,0.0,0.0,0.0,0.0,0.0,0.0,0.0,0.0,0.0,0.0,0.0,0.0,0.0,0.0,15.955515156833872,313.15,315.446983003618,0.27,0.0,0.05029,0.29,0.0,0.0
2017-01-07 05:00:00+01:00,1.0,1.0,1.0,0.0,0.0,1.0,0.0,0.0,0.0,0.0,0.0,0.0,0.0,0.0,0.0,0.0,0.0,0.0,0.0,0.0,0.0,0.0,0.0,0.0,0.0,0.0,0.0,0.0,0.0,0.27,0.0,0.0,0.0,0.0,0.0,0.0,0.0,0.0,0.27,0.0,0.0,0.0,0.0,0.0,0.0,0.0,0.0,0.0,0.0,0.0,0.0,0.0,0.0,0.0,0.0,0.0,0.0,0.0,15.955515156833872,313.15,315.446983003618,0.27,0.0,0.05062,0.29,0.0,0.0
2017-01-07 06:00:00+01:00,1.0,1.0,1.0,0.0,0.0,1.0,0.0,0.0,0.0,0.0,0.0,0.0,0.0,0.0,0.0,0.0,0.0,0.0,0.0,0.0,0.0,0.0,0.0,0.0,0.0,0.0,0.0,0.0,0.0,2.164000000010245,0.0,0.0,0.0,0.0,0.0,0.0,0.0,0.0,2.164000000010245,0.0,0.0,0.0,0.0,0.0,0.0,0.0,0.0,0.0,0.0,0.0,0.0,0.0,0.0,0.0,0.0,0.0,0.0,0.0,15.955515156844116,313.15,315.446983003618,2.164,0.0,0.05502,0.29,0.0,0.0
2017-01-07 07:00:00+01:00,1.0,0.0,1.0,0.0,1.0,1.0,0.0,0.0,0.0,0.0,0.0,0.0,0.0,0.0,0.0,0.0,0.0,0.0,1.854999999981373,0.0,0.0,0.0,0.0,0.0,0.0,0.0,0.0,0.0,0.0,0.0,0.0,1.854999999981373,0.0,0.0,0.0,0.0,0.0,0.0,0.0,0.0,0.0,0.0,0.0,0.0,0.0,0.0,0.0,0.0,0.0,0.0,0.0,0.0,0.0,0.0,0.0,0.0,0.0,0.0,14.100515156862745,313.15,315.446983003618,1.855,0.0,0.05875,0.29,0.0,0.0
2017-01-07 08:00:00+01:00,1.0,0.0,0.0,0.0,1.0,1.0,0.0,1.0,0.0,0.0,0.0,0.0,0.0,0.0,0.0,0.0,0.0325980392156862,0.0,0.6784019607843137,0.0,0.0,0.0,0.0,0.0,0.0,0.0,0.0,0.0,0.0,0.0,0.0,0.6784019607843137,0.0,0.0,0.0,0.0,0.0,0.0,0.0,0.0,0.0,0.0,0.0,0.0,0.0006862745098039,0.0017156862745098,0.0017156862745098,0.0,0.0,0.0,0.0,0.0,0.0,0.0,0.0,0.0,0.0,0.0,13.42211319607843,313.15,315.446983003618,0.711,0.035,0.06036,0.29,0.034313725490196,0.0332843137254901
2017-01-07 09:00:00+01:00,1.0,1.0,0.0,0.0,0.0,1.0,0.0,1.0,0.090330237358101,0.0,0.0,0.0,0.0,0.0,0.0,0.0,0.541,0.0,0.0,0.0,0.0,0.0,0.0,0.0,0.0,0.0,0.090330237358101,0.0,1.7456000000000031,0.0,0.0,0.0,0.0,0.0,0.0,0.0,0.0,0.0,0.0,0.0,0.0,0.0074070794633642,0.0,0.0,0.0131960784313725,0.0284736842105263,0.0284736842105263,0.0,0.0,0.0,0.0,0.0,0.0,0.0,0.0,0.0,0.0,0.0829231578947367,15.167713196078433,313.15,315.446983003618,0.541,0.673,0.06291,0.29,0.5694736842105264,0.6445263157894735
2017-01-07 10:00:00+01:00,1.0,1.0,0.0,0.0,0.0,1.0,0.0,1.0,0.0,0.2143431372549018,0.0,0.0,0.0,0.0,0.0,0.0,0.541,0.0,0.0,0.0,0.0,0.0,0.0,0.0,0.0,0.0,0.0,0.2143431372549018,0.0,0.0,0.0,0.0,0.0,0.0,0.0,0.0,0.0,0.0,0.0,0.0,0.0,0.0,0.0,0.0,0.0159019607843137,0.0397549019607843,0.0397549019607843,0.0,0.0,0.0,0.0,0.0,0.0,0.0,0.0,0.0,0.0,0.0829231578947367,15.382056333333336,313.15,315.446983003618,0.541,0.811,0.06302,0.29,0.5807549019607844,0.5569019607843138
2017-01-07 11:00:00+01:00,0.0,0.0,0.0,1.0,1.0,1.0,0.0,1.0,0.0,0.0,0.0,0.0,0.0,0.0,0.0,0.0,0.5308823529411764,0.0,0.8513406470588238,0.0,0.0,0.0,0.0,0.0787769999999999,0.0,0.0,0.0,0.0,0.0,0.0,0.0829231578947367,0.8513406470588238,0.0,0.0,0.0,0.0,0.0,0.0,0.0,0.0,0.0,0.0,0.0,0.0,0.0111764705882353,0.0320873343653251,0.0279411764705882,0.0041461578947368,0.0,0.0,0.0,0.0,0.0,0.0,0.0,0.0,0.0,0.0,14.53071568627451,313.15,315.446983003618,1.461,0.57,0.06205,0.29,0.6417466873065013,0.5420588235294117
2017-01-07 12:00:00+01:00,1.0,0.0,0.0,0.0,1.0,1.0,0.0,1.0,0.0,0.0,0.0,0.0,0.0,0.0,0.0,0.0,0.4982843137254901,0.0,2.53071568627451,0.0,0.0,0.0,0.0,0.0,0.0,0.0,0.0,0.0,0.0,0.0,0.0,2.53071568627451,0.0,0.0,0.0,0.0,0.0,0.0,0.0,0.0,0.0,0.0,0.0,0.0,0.0104901960784313,0.0262254901960784,0.0262254901960784,0.0,0.0,0.0,0.0,0.0,0.0,0.0,0.0,0.0,0.0,0.0,12.0,313.15,315.446983003618,3.029,0.535,0.06181,0.29,0.5245098039215685,0.5087745098039214
2017-01-07 13:00:00+01:00,1.0,1.0,0.0,0.0,0.0,1.0,0.0,1.0,0.0,1.7657843137254894,0.0,0.0,0.0,0.0,0.0,0.0,1.345,0.0,0.0,0.0,0.0,0.0,0.0,0.0,0.0,0.0,0.0,1.7657843137254894,0.0,0.0,0.0,0.0,0.0,0.0,0.0,0.0,0.0,0.0,0.0,0.0,0.0,0.0,0.0,0.0,0.0654901960784314,0.1637254901960785,0.1637254901960785,0.0,0.0,0.0,0.0,0.0,0.0,0.0,0.0,0.0,0.0,0.0,13.76578431372549,313.15,315.446983003618,1.345,3.34,0.06045,0.29,1.5087254901960785,1.4104901960784313
2017-01-07 14:00:00+01:00,1.0,1.0,0.0,0.0,0.0,1.0,0.0,1.0,0.0,2.3723333333598755,0.0,0.0,0.0,0.0,0.0,0.0,0.5409999999734574,0.0,0.0,0.0,0.0,0.0,0.0,0.0,0.0,0.0,0.0,2.3723333333598755,0.0,0.0,0.0,0.0,0.0,0.0,0.0,0.0,0.0,0.0,0.0,0.0,0.0,0.0,0.0,0.0,0.0613333333333333,0.1533333333333334,0.1533333333333334,0.0,0.0,0.0,0.0,0.0,0.0,0.0,0.0,0.0,0.0,0.0,16.138117647058824,313.15,315.446983003618,0.541,3.128,0.0592,0.29,0.6943333333067908,0.6023333333067907
2017-01-07 15:00:00+01:00,1.0,1.0,0.0,0.0,0.0,1.0,0.0,1.0,0.0,1.534098039215686,0.0,0.0,0.0,0.0,0.0,0.0,0.541,0.0,0.0,0.0,0.0,0.0,0.0,0.0,0.0,0.0,0.0,1.534098039215686,0.0,0.0,0.0,0.0,0.0,0.0,0.0,0.0,0.0,0.0,0.0,0.0,0.0,0.0,0.0,0.0,0.0436862745098039,0.1092156862745099,0.1092156862745099,0.0,0.0,0.0,0.0,0.0,0.0,0.0,0.0,0.0,0.0,0.0,17.67221568627451,313.15,315.446983003618,0.541,2.228,0.05892,0.29,0.6502156862745099,0.5846862745098039
2017-01-07 16:00:00+01:00,1.0,0.0,0.0,0.0,1.0,1.0,0.0,1.0,0.0,0.0,0.0,0.0,0.0,0.0,0.0,0.0,0.3269117647058823,0.0,1.1340882352941175,0.0,0.0,0.0,0.0,0.0,0.0,0.0,0.0,0.0,0.0,0.0,0.0,1.1340882352941175,0.0,0.0,0.0,0.0,0.0,0.0,0.0,0.0,0.0,0.0,0.0,0.0,0.0068823529411764,0.0172058823529411,0.0172058823529411,0.0,0.0,0.0,0.0,0.0,0.0,0.0,0.0,0.0,0.0,0.0,16.53812745098039,313.15,315.446983003618,1.461,0.351,0.05939,0.29,0.3441176470588234,0.3337941176470587
2017-01-07 17:00:00+01:00,0.0,1.0,1.0,1.0,0.0,1.0,0.0,0.0,0.0,0.0,0.0,0.0,0.0,0.0,0.0,0.0,0.0,0.0,0.0,0.0,0.0,0.0,0.0,0.0,0.0,0.0,0.0,0.0,0.0,3.091,0.0,0.0,0.0,0.0,0.0,0.0,0.0,0.0,3.091,0.0,0.0,0.0,0.0,0.0,0.0,0.0,0.0,0.0,0.0,0.0,0.0,0.0,0.0,0.0,0.0,0.0,0.0,0.0,16.53812745098039,313.15,315.446983003618,3.091,0.0,0.06455,0.29,0.0,0.0
2017-01-07 18:00:00+01:00,0.0,0.0,1.0,1.0,1.0,1.0,0.0,0.0,0.0,0.0,0.0,0.0,0.0,0.0,0.0,0.0,0.0,0.0,0.4745274509617623,0.0,0.0,0.0,0.0,0.0,0.0,0.0,0.0,0.0,0.0,1.9364725490382375,0.0,0.4745274509617623,0.0,0.0,0.0,0.0,0.0,0.0,1.9364725490382375,0.0,0.0,0.0,0.0,0.0,0.0,0.0,0.0,0.0,0.0,0.0,0.0,0.0,0.0,0.0,0.0,0.0,0.0,0.0,14.318000000018626,313.15,315.446983003618,2.411,0.0,0.06672,0.29,0.0,0.0
2017-01-07 19:00:00+01:00,0.0,1.0,1.0,1.0,0.0,1.0,0.0,0.0,0.0,0.0,0.0,0.0,0.0,0.0,0.0,0.0,0.0,0.0,0.0,0.0,0.0,0.0,0.0,0.0,0.0,0.0,0.0,0.0,0.0,2.133,0.0,0.0,0.0,0.0,0.0,0.0,0.0,0.0,2.133,0.0,0.0,0.0,0.0,0.0,0.0,0.0,0.0,0.0,0.0,0.0,0.0,0.0,0.0,0.0,0.0,0.0,0.0,0.0,14.318000000018626,313.15,315.446983003618,2.133,0.0,0.06601,0.29,0.0,0.0
2017-01-07 20:00:00+01:00,0.0,1.0,1.0,1.0,0.0,1.0,0.0,0.0,0.0,0.0,0.0,0.0,0.0,0.0,0.0,0.0,0.0,0.0,0.0,0.0,0.0,0.0,0.0,0.0,0.0,0.0,0.0,0.0,0.0,1.855,0.0,0.0,0.0,0.0,0.0,0.0,0.0,0.0,1.855,0.0,0.0,0.0,0.0,0.0,0.0,0.0,0.0,0.0,0.0,0.0,0.0,0.0,0.0,0.0,0.0,0.0,0.0,0.0,14.318000000018626,313.15,315.446983003618,1.855,0.0,0.0640299999999999,0.29,0.0,0.0
2017-01-07 21:00:00+01:00,0.0,1.0,1.0,1.0,0.0,1.0,0.0,0.0,0.0,0.0,0.0,0.0,0.0,0.0,0.0,0.0,0.0,0.0,0.0,0.0,0.0,0.0,0.0,0.0,0.0,0.0,0.0,0.0,0.0,2.318,0.0,0.0,0.0,0.0,0.0,0.0,0.0,0.0,2.318,0.0,0.0,0.0,0.0,0.0,0.0,0.0,0.0,0.0,0.0,0.0,0.0,0.0,0.0,0.0,0.0,0.0,0.0,0.0,14.318000000018626,313.15,315.446983003618,2.318,0.0,0.05999,0.29,0.0,0.0
2017-01-07 22:00:00+01:00,0.0,0.0,1.0,1.0,1.0,1.0,0.0,0.0,0.0,0.0,0.0,0.0,0.0,0.0,0.0,0.0,0.0,0.0,2.318,0.0,0.0,0.0,0.0,0.0,0.0,0.0,0.0,0.0,0.0,0.0,0.0,2.318,0.0,0.0,0.0,0.0,0.0,0.0,0.0,0.0,0.0,0.0,0.0,0.0,0.0,0.0,0.0,0.0,0.0,0.0,0.0,0.0,0.0,0.0,0.0,0.0,0.0,0.0,12.0,313.15,315.446983003618,2.318,0.0,0.05923,0.29,0.0,0.0
2017-01-07 23:00:00+01:00,0.0,1.0,1.0,1.0,0.0,1.0,0.0,0.0,0.0,0.0,0.0,0.0,0.0,0.0,0.0,0.0,0.0,0.0,0.0,0.0,0.0,0.0,0.0,0.0,0.0,0.0,0.0,0.0,0.0,0.2699999999813736,0.0,0.0,0.0,0.0,0.0,0.0,0.0,0.0,0.2699999999813736,0.0,0.0,0.0,0.0,0.0,0.0,0.0,0.0,0.0,0.0,0.0,0.0,0.0,0.0,0.0,0.0,0.0,0.0,0.0,12.0,313.15,315.446983003618,0.27,0.0,0.05886,0.29,0.0,0.0
2017-01-08 00:00:00+01:00,1.0,1.0,1.0,0.0,0.0,1.0,0.0,0.0,0.0,0.0,0.0,0.0,0.0,0.0,0.0,0.0,0.0,0.0,0.0,0.0,0.0,0.0,0.0,0.0,0.0,0.0,0.0,0.0,0.0,0.27,0.0,0.0,0.0,0.0,0.0,0.0,0.0,0.0,0.27,0.0,0.0,0.0,0.0,0.0,0.0,0.0,0.0,0.0,0.0,0.0,0.0,0.0,0.0,0.0,0.0,0.0,0.0,0.0,12.0,313.15,315.446983003618,0.27,0.0,0.05534,0.29,0.0,0.0
2017-01-08 01:00:00+01:00,1.0,1.0,1.0,0.0,0.0,1.0,0.0,0.0,0.0,0.0,0.0,0.0,0.0,0.0,0.0,0.0,0.0,0.0,0.0,0.0,0.0,0.0,0.0,0.0,0.0,0.0,0.0,0.0,0.0,0.27,0.0,0.0,0.0,0.0,0.0,0.0,0.0,0.0,0.27,0.0,0.0,0.0,0.0,0.0,0.0,0.0,0.0,0.0,0.0,0.0,0.0,0.0,0.0,0.0,0.0,0.0,0.0,0.0,12.0,313.15,315.446983003618,0.27,0.0,0.05338,0.29,0.0,0.0
2017-01-08 02:00:00+01:00,1.0,1.0,1.0,0.0,0.0,1.0,0.0,0.0,0.0,0.0,0.0,0.0,0.0,0.0,0.0,0.0,0.0,0.0,0.0,0.0,0.0,0.0,0.0,0.0,0.0,0.0,0.0,0.0,0.0,0.27,0.0,0.0,0.0,0.0,0.0,0.0,0.0,0.0,0.27,0.0,0.0,0.0,0.0,0.0,0.0,0.0,0.0,0.0,0.0,0.0,0.0,0.0,0.0,0.0,0.0,0.0,0.0,0.0,12.0,313.15,315.446983003618,0.27,0.0,0.05154,0.29,0.0,0.0
2017-01-08 03:00:00+01:00,1.0,1.0,1.0,0.0,0.0,1.0,0.0,0.0,0.0,0.0,0.0,0.0,0.0,0.0,0.0,0.0,0.0,0.0,0.0,0.0,0.0,0.0,0.0,0.0,0.0,0.0,0.0,0.0,0.0,0.27,0.0,0.0,0.0,0.0,0.0,0.0,0.0,0.0,0.27,0.0,0.0,0.0,0.0,0.0,0.0,0.0,0.0,0.0,0.0,0.0,0.0,0.0,0.0,0.0,0.0,0.0,0.0,0.0,12.0,313.15,315.446983003618,0.27,0.0,0.0461,0.29,0.0,0.0
2017-01-08 04:00:00+01:00,1.0,1.0,1.0,0.0,0.0,1.0,0.0,0.0,0.0,0.0,0.0,0.0,0.0,0.0,0.0,0.0,0.0,0.0,0.0,0.0,0.0,0.0,0.0,0.0,0.0,0.0,0.0,3.486666666666663,0.0,3.756666666666663,0.0,0.0,0.0,3.486666666666663,0.0,0.0,0.0,0.0,0.27,0.0,0.0,0.0,0.0,0.0,0.0,0.0,0.0,0.0,0.0,0.0,0.0,0.0,0.0,0.0,0.0,0.0,0.0,0.0,15.486666666666665,313.15,315.446983003618,0.27,0.0,0.04308,0.29,0.0,0.0
2017-01-08 05:00:00+01:00,1.0,1.0,1.0,0.0,0.0,1.0,0.0,0.0,0.0,0.0,0.0,0.0,0.0,0.0,0.0,0.0,0.0,0.0,0.0,0.0,0.0,0.0,0.0,0.0,0.0,0.0,0.0,0.0,0.0,0.27,0.0,0.0,0.0,0.0,0.0,0.0,0.0,0.0,0.27,0.0,0.0,0.0,0.0,0.0,0.0,0.0,0.0,0.0,0.0,0.0,0.0,0.0,0.0,0.0,0.0,0.0,0.0,0.0,15.486666666666665,313.15,315.446983003618,0.27,0.0,0.0440399999999999,0.29,0.0,0.0
2017-01-08 06:00:00+01:00,1.0,1.0,1.0,0.0,0.0,1.0,0.0,0.0,0.0,0.0,0.0,0.0,0.0,0.0,0.0,0.0,0.0,0.0,0.0,0.0,0.0,0.0,0.0,0.0,0.0,0.0,0.0,0.0,0.0,2.164,0.0,0.0,0.0,0.0,0.0,0.0,0.0,0.0,2.164,0.0,0.0,0.0,0.0,0.0,0.0,0.0,0.0,0.0,0.0,0.0,0.0,0.0,0.0,0.0,0.0,0.0,0.0,0.0,15.486666666666665,313.15,315.446983003618,2.164,0.0,0.04806,0.29,0.0,0.0
2017-01-08 07:00:00+01:00,1.0,1.0,1.0,0.0,0.0,1.0,0.0,0.0,0.0,0.0,0.0,0.0,0.0,0.0,0.0,0.0,0.0,0.0,0.0,0.0,0.0,0.0,0.0,0.0,0.0,0.0,0.0,0.0,0.0,1.855,0.0,0.0,0.0,0.0,0.0,0.0,0.0,0.0,1.855,0.0,0.0,0.0,0.0,0.0,0.0,0.0,0.0,0.0,0.0,0.0,0.0,0.0,0.0,0.0,0.0,0.0,0.0,0.0,15.486666666666665,313.15,315.446983003618,1.855,0.0,0.04949,0.29,0.0,0.0
2017-01-08 08:00:00+01:00,1.0,0.0,0.0,0.0,1.0,1.0,0.0,1.0,0.0,0.0,0.0,0.0,0.0,0.0,0.0,0.0,0.0325980392156862,0.0,0.6784019607843137,0.0,0.0,0.0,0.0,0.0,0.0,0.0,0.0,0.0,0.0,0.0,0.0,0.6784019607843137,0.0,0.0,0.0,0.0,0.0,0.0,0.0,0.0,0.0,0.0,0.0,0.0,0.0006862745098039,0.0017156862745098,0.0017156862745098,0.0,0.0,0.0,0.0,0.0,0.0,0.0,0.0,0.0,0.0,0.0,14.80826470588235,313.15,315.446983003618,0.711,0.035,0.05209,0.29,0.034313725490196,0.0332843137254901
2017-01-08 09:00:00+01:00,1.0,1.0,1.0,0.0,0.0,1.0,0.0,0.0,0.0,0.0,0.0,0.0,0.0,0.0,0.0,0.0,0.4684803921568626,0.0,0.0,0.0,0.0,0.0,0.0,0.0,0.0,0.0,0.0,0.0,1.745600000000005,0.0725196078431373,0.0,0.0,0.0,0.0,0.0,0.0,0.0,0.0,0.0725196078431373,0.0,0.0,0.0,0.0,0.0,0.0098627450980392,0.024656862745098,0.024656862745098,0.0,0.0,0.0,0.0,0.0,0.0,0.0,0.0,0.0,0.0,0.0,16.553864705882354,313.15,315.446983003618,0.541,0.503,0.05428,0.29,0.4931372549019606,0.4783431372549018
2017-01-08 10:00:00+01:00,1.0,1.0,0.0,0.0,0.0,1.0,0.0,1.0,0.0,0.3456666666666664,0.0,0.0,0.0,0.0,0.0,0.0,0.541,0.0,0.0,0.0,0.0,0.0,0.0,0.0,0.0,0.0,0.0,0.3456666666666664,0.0,0.0,0.0,0.0,0.0,0.0,0.0,0.0,0.0,0.0,0.0,0.0,0.0,0.0,0.0,0.0,0.0186666666666666,0.0466666666666667,0.0466666666666667,0.0,0.0,0.0,0.0,0.0,0.0,0.0,0.0,0.0,0.0,0.0,16.89953137254902,313.15,315.446983003618,0.541,0.952,0.0563,0.29,0.5876666666666668,0.5596666666666666
2017-01-08 11:00:00+01:00,1.0,0.0,0.0,0.0,1.0,1.0,0.0,1.0,0.0,0.0,0.0,0.0,0.0,0.0,0.0,0.0,1.1912254901960782,0.0,0.2697745098039219,0.0,0.0,0.0,0.0,0.0,0.0,0.0,0.0,0.0,0.0,0.0,0.0,0.2697745098039219,0.0,0.0,0.0,0.0,0.0,0.0,0.0,0.0,0.0,0.0,0.0,0.0,0.025078431372549,0.0626960784313725,0.0626960784313725,0.0,0.0,0.0,0.0,0.0,0.0,0.0,0.0,0.0,0.0,0.0,16.629756862745097,313.15,315.446983003618,1.461,1.279,0.05791,0.29,1.2539215686274507,1.216303921568627
2017-01-08 12:00:00+01:00,1.0,0.0,0.0,0.0,1.0,1.0,0.0,1.0,0.0,0.0,0.0,0.0,0.0,0.0,0.0,0.0,1.2396568627450977,0.0,1.7893431372549022,0.0,0.0,0.0,0.0,0.0,0.0,0.0,0.0,0.0,0.0,0.0,0.0,1.7893431372549022,0.0,0.0,0.0,0.0,0.0,0.0,0.0,0.0,0.0,0.0,0.0,0.0,0.0260980392156862,0.0652450980392157,0.0652450980392157,0.0,0.0,0.0,0.0,0.0,0.0,0.0,0.0,0.0,0.0,0.0,14.840413725490194,313.15,315.446983003618,3.029,1.331,0.05654,0.29,1.3049019607843133,1.2657549019607839
2017-01-08 13:00:00+01:00,1.0,0.0,0.0,0.0,1.0,1.0,0.0,1.0,0.0,0.0,0.0,0.0,0.0,0.0,0.0,0.0,1.160490196078431,0.0,0.1845098039215689,0.0,0.0,0.0,0.0,0.0,0.0,0.0,0.0,0.0,0.0,0.0,0.0,0.1845098039215689,0.0,0.0,0.0,0.0,0.0,0.0,0.0,0.0,0.0,0.0,0.0,0.0,0.0244313725490196,0.061078431372549,0.061078431372549,0.0,0.0,0.0,0.0,0.0,0.0,0.0,0.0,0.0,0.0,0.0,14.655903921568624,313.15,315.446983003618,1.345,1.246,0.055,0.29,1.22156862745098,1.1849215686274506
2017-01-08 14:00:00+01:00,1.0,1.0,0.0,0.0,0.0,1.0,0.0,1.0,0.0,0.4760588235294121,0.0,0.0,0.0,0.0,0.0,0.0,0.541,0.0,0.0,0.0,0.0,0.0,0.0,0.0,0.0,0.0,0.0,0.4760588235294121,0.0,0.0,0.0,0.0,0.0,0.0,0.0,0.0,0.0,0.0,0.0,0.0,0.0,0.0,0.0,0.0,0.0214117647058823,0.0535294117647059,0.0535294117647059,0.0,0.0,0.0,0.0,0.0,0.0,0.0,0.0,0.0,0.0,0.0,15.131962745098036,313.15,315.446983003618,0.541,1.092,0.05156,0.29,0.594529411764706,0.5624117647058824
2017-01-08 15:00:00+01:00,1.0,1.0,0.0,0.0,0.0,1.0,0.0,1.0,0.0,0.0094411764705882,0.0,0.0,0.0,0.0,0.0,0.0,0.541,0.0,0.0,0.0,0.0,0.0,0.0,0.0,0.0,0.0,0.0,0.0094411764705882,0.0,0.0,0.0,0.0,0.0,0.0,0.0,0.0,0.0,0.0,0.0,0.0,0.0,0.0,0.0,0.0,0.0115882352941176,0.0289705882352941,0.0289705882352941,0.0,0.0,0.0,0.0,0.0,0.0,0.0,0.0,0.0,0.0,0.0,15.141403921568624,313.15,315.446983003618,0.541,0.591,0.05115,0.29,0.5699705882352941,0.5525882352941176
2017-01-08 16:00:00+01:00,1.0,0.0,0.0,0.0,1.0,1.0,0.0,1.0,0.0,0.0,0.0,0.0,0.0,0.0,0.0,0.0,0.065196078431376,0.0,1.395803921568624,0.0,0.0,0.0,0.0,0.0,0.0,0.0,0.0,0.0,0.0,0.0,0.0,1.395803921568624,0.0,0.0,0.0,0.0,0.0,0.0,0.0,0.0,0.0,0.0,0.0,0.0,0.0013725490196079,0.0034313725490197,0.0034313725490197,0.0,0.0,0.0,0.0,0.0,0.0,0.0,0.0,0.0,0.0,0.0,13.7456,313.15,315.446983003618,1.461,0.07,0.05371,0.29,0.0686274509803957,0.0665686274509839
2017-01-08 17:00:00+01:00,0.0,1.0,1.0,1.0,0.0,1.0,0.0,0.0,0.0,0.0,0.0,0.0,0.0,0.0,0.0,0.0,0.0,0.0,0.0,0.0,0.0,0.0,0.0,0.0,0.0,0.0,0.0,0.0,0.0,3.091,0.0,0.0,0.0,0.0,0.0,0.0,0.0,0.0,3.091,0.0,0.0,0.0,0.0,0.0,0.0,0.0,0.0,0.0,0.0,0.0,0.0,0.0,0.0,0.0,0.0,0.0,0.0,0.0,13.7456,313.15,315.446983003618,3.091,0.0,0.06,0.29,0.0,0.0
2017-01-08 18:00:00+01:00,0.0,1.0,1.0,1.0,0.0,1.0,0.0,0.0,0.0,0.0,0.0,0.0,0.0,0.0,0.0,0.0,0.0,0.0,0.0,0.0,0.0,0.0,0.0,0.0,0.0,0.0,0.0,0.0,0.0,2.411,0.0,0.0,0.0,0.0,0.0,0.0,0.0,0.0,2.411,0.0,0.0,0.0,0.0,0.0,0.0,0.0,0.0,0.0,0.0,0.0,0.0,0.0,0.0,0.0,0.0,0.0,0.0,0.0,12.0,313.15,315.446983003618,2.411,0.0,0.0643199999999999,0.29,0.0,0.0
2017-01-08 19:00:00+01:00,0.0,1.0,1.0,1.0,0.0,1.0,0.0,0.0,0.0,0.0,0.0,0.0,0.0,0.0,0.0,0.0,0.0,0.0,0.0,0.0,0.0,0.0,0.0,0.0,0.0,0.0,0.0,0.0,0.0,2.133,0.0,0.0,0.0,0.0,0.0,0.0,0.0,0.0,2.133,0.0,0.0,0.0,0.0,0.0,0.0,0.0,0.0,0.0,0.0,0.0,0.0,0.0,0.0,0.0,0.0,0.0,0.0,0.0,12.0,313.15,315.446983003618,2.133,0.0,0.06408,0.29,0.0,0.0
2017-01-08 20:00:00+01:00,0.0,1.0,1.0,1.0,0.0,1.0,0.0,0.0,0.0,0.0,0.0,0.0,0.0,0.0,0.0,0.0,0.0,0.0,0.0,0.0,0.0,0.0,0.0,0.0,0.0,0.0,0.0,0.0,0.0,1.855,0.0,0.0,0.0,0.0,0.0,0.0,0.0,0.0,1.855,0.0,0.0,0.0,0.0,0.0,0.0,0.0,0.0,0.0,0.0,0.0,0.0,0.0,0.0,0.0,0.0,0.0,0.0,0.0,12.0,313.15,315.446983003618,1.855,0.0,0.0610799999999999,0.29,0.0,0.0
2017-01-08 21:00:00+01:00,0.0,1.0,1.0,1.0,0.0,1.0,0.0,0.0,0.0,0.0,0.0,0.0,0.0,0.0,0.0,0.0,0.0,0.0,0.0,0.0,0.0,0.0,0.0,0.0,0.0,0.0,0.0,0.0,0.0,2.318,0.0,0.0,0.0,0.0,0.0,0.0,0.0,0.0,2.318,0.0,0.0,0.0,0.0,0.0,0.0,0.0,0.0,0.0,0.0,0.0,0.0,0.0,0.0,0.0,0.0,0.0,0.0,0.0,12.0,313.15,315.446983003618,2.318,0.0,0.05894,0.29,0.0,0.0
2017-01-08 22:00:00+01:00,0.0,1.0,1.0,1.0,0.0,1.0,0.0,0.0,0.0,0.0,0.0,0.0,0.0,0.0,0.0,0.0,0.0,0.0,0.0,0.0,0.0,0.0,0.0,0.0,0.0,0.0,0.0,0.0,0.0,2.318,0.0,0.0,0.0,0.0,0.0,0.0,0.0,0.0,2.318,0.0,0.0,0.0,0.0,0.0,0.0,0.0,0.0,0.0,0.0,0.0,0.0,0.0,0.0,0.0,0.0,0.0,0.0,0.0,12.0,313.15,315.446983003618,2.318,0.0,0.05891,0.29,0.0,0.0
2017-01-08 23:00:00+01:00,0.0,1.0,1.0,1.0,0.0,1.0,0.0,0.0,0.0,0.0,0.0,0.0,0.0,0.0,0.0,0.0,0.0,0.0,0.0,0.0,0.0,0.0,0.0,0.0,0.0,0.0,0.0,0.0,0.0,0.27,0.0,0.0,0.0,0.0,0.0,0.0,0.0,0.0,0.27,0.0,0.0,0.0,0.0,0.0,0.0,0.0,0.0,0.0,0.0,0.0,0.0,0.0,0.0,0.0,0.0,0.0,0.0,0.0,12.0,313.15,315.446983003618,0.27,0.0,0.05628,0.29,0.0,0.0
