E_PV_batt;E_PV_bu;E_PV_budhw;E_PV_curt;E_PV_grid;E_PV_hp;E_PV_hpdhw;E_PV_load;E_batt_bu;E_batt_budhw;E_batt_hp;E_batt_hpdhw;E_batt_load;E_bu;E_budhw;E_char;E_cons;E_dis;E_grid_batt;E_grid_bu;E_grid_budhw;E_grid_hp;E_grid_hpdhw;E_grid_load;E_hp;E_hpdhw;E_loss_Batt;E_loss_conv;E_loss_inv;E_loss_inv_PV;E_loss_inv_batt;E_loss_inv_grid;Q_dhwst_hd;Q_hp_sh;Q_hp_ts;Q_loss_dhwst;Q_loss_ts;Q_ts;Q_ts_delta;Q_ts_sh;T_dhwst;T_ts;E_demand;E_PV;Req_kWh;Req_kWh_DHW;Set_T;Temp;Temp_supply;Temp_supply_tank;T_aux_supply;COP_tank;COP_SH;COP_DHW;E_demand_hp_pv_dhw;E_demand_hp_pv;E_demand_pv;TSC;DSC;ISC;CU;EFC_nolifetime;BS;LS1;LS2;LS3;LS4;LS5;PS1;PS2;PS3;PS4;PS5;App_comb;conf;Capacity;Tech;PV_nom;cluster;hh;country;quartile;cases;house_type;HP;SOC_mean;P_drained_max;P_injected_max;last_cap;cap_fading;last_SOH;cycle_to_total;Bill
1457.82431391296;0.0;0.0;336.7381598254483;3578.088083280416;359.7651505014256;0.0;624.1585391110391;0.0;0.0;433.43476994306593;0.0;1264.1564713763078;0.0;0.0;2007.7956727609876;3106.932079910096;1786.9381487572837;549.9713588480163;0.0;0.0;1469.3371636072734;0.0;1060.124989512463;2262.5370840517576;0.0;220.8575240037064;125.19883939179365;356.9513581641208;240.10588278383992;89.34690743786561;27.498567942400886;0.0;9136.942463040052;0.0;0.0;0.0;0.0;0.0;0.0;10972776.000007182;10646063.136027075;2948.44000000016;6721.878968807045;9136.942463040052;3602.4687900000204;10271976.000006782;9967762.80000003;10437528.934145719;10493418.11823889;10493418.11823889;182281.18999994308;185223.31999988077;110457.99999999262;4803.252457696505;4061.064837536152;2177.1717466713994;36.32537888373748;14.637628766872679;21.687750116864795;5.0095837992336;0.0;44.00171433464281;30.097290731947247;-61.25783403250078;68.70868639260372;64.72730641165619;49.54030543639557;0.0;8.334438266324492;1.2273183246273811e-14;8.334438266324504;8.334438266324504;2.0;4.0;7.0;NMC;4.8;[4.];110696529022;CH;50;mean;SFH45;AS;24.84066306166702;7.236740476190477;3.7999999999999994;6.829795573839201;2.4314918022971255;0.9191329216585888;0.5561643835616439;442.4868528947361
0.0;5.853061878743892;0.0;407.20194169956295;4291.330588798186;1037.8986260657432;0.0;663.8608990093436;0.0;0.0;0.0;0.0;0.0;24.4146048402809;0.0;0.0;7755.719338097946;0.0;0.0;18.561542961537008;0.0;6182.888694145389;0.0;1554.2691009901962;7220.787320211117;0.0;0.0;0.0;315.73385135538194;315.73385135538194;0.0;0.0;0.0;0.0;20767.92697719548;0.0;206.80649520809004;79877.19347651178;7.799905910303739;20553.320576076523;10972776.000007182;10686185.657938682;2218.129999999374;6721.878968807045;20553.320576076523;3602.4687900000204;10271976.000006782;9967762.80000003;10640279.224906212;10703607.88032302;10703607.88032302;162482.26999999638;168086.349999933;94768.31999996038;8618.541096376255;7679.1207599125455;1487.7019033589058;25.403798474772106;25.403798474772106;0.0;6.057858875311325;0.0;0.0;43.06609349653154;-376.492310432957;23.98808721832272;-106.2094394253251;-262.19091941769824;0.0;160.03918586969232;15.83055002643608;201.20481927713107;201.20481927713107;2.0;2.0;7.0;NMC;4.8;[5.];110144156209;CH;50;mean;SFH100;AS;94.61333267029445;10.000000000000751;3.7999999999999985;6.8599999999999755;2.000000000000346;0.9335159817351482;0.0;1373.5738721827968
0.0;10.384691067833321;0.0;407.20195712018847;4970.059534207779;400.6635361406616;0.0;617.8353996861018;0.0;0.0;0.0;0.0;0.0;10.384691067833321;0.0;0.0;1188.3495041238857;0.0;0.0;0.0;0.0;610.354903810133;0.0;577.994600313793;1011.0184399508055;0.0;0.0;0.0;315.73385058435065;315.73385058435065;0.0;0.0;0.0;0.0;4112.972945778995;0.0;288.9279663134062;72309.0720007028;9.324293736307801;3814.720685732221;10972776.000007182;10444036.753385043;1195.829999999842;6721.878968807045;3814.720685732221;3602.4687900000204;10271976.000006782;9967762.80000003;10437528.934145719;10493418.11823889;10493418.11823889;224040.40000004944;228826.2800000159;101801.60000000415;1995.3077092665048;1250.6612899489814;569.849407800022;15.306488433801663;15.306488433801663;0.0;6.057859104720775;0.0;0.0;63.38342397866299;-106.72524199630166;46.40018454647101;59.42724160424737;-10.804348205878878;-18.333333333333332;0.0;0.0;-18.333333333333332;0.0;2.0;2.0;7.0;NMC;4.8;[];110698629962;CH;50;mean;SFH15;AS;94.61333267029445;3.92;3.8000000000000007;6.8599999999999755;2.000000000000346;0.9335159817351482;0.0;29.264815108098542
0.0;5.617966897802232;0.0;407.2019571201902;3461.9040299281014;971.4769989904567;0.0;1559.944165285994;0.0;0.0;0.0;0.0;0.0;24.179509859339355;0.0;0.0;9766.803439925568;0.0;0.0;18.56154296153712;0.0;6250.64606224977;0.0;3497.5958347140113;7222.123061240245;0.0;0.0;0.0;315.7338505843506;315.7338505843506;0.0;0.0;0.0;0.0;20765.8583642856;0.0;207.15561881908934;81074.7229002186;5.382169389449341;20553.320576076523;10972776.000007182;10686873.89323972;5057.540000000551;6721.878968807045;20553.320576076523;3602.4687900000204;10271976.000006782;9967762.80000003;10640279.224906212;10703607.88032302;10703607.88032302;162482.26999999638;168086.349999933;94768.31999996038;10639.757006916785;9649.2595998315;3370.1315392456995;37.74300523629496;37.74300523629496;0.0;6.057859104720801;0.0;0.0;38.358685978348085;-137.83271229002918;16.89249692454615;-21.838266452414402;-97.65682868087129;0.0;49.663470129251316;2.479404624515196;53.374233128845894;53.374233128845894;2.0;2.0;7.0;NMC;4.8;[7.];110696128856;CH;50;mean;SFH100;AS;94.61333267029445;10.000000000000751;3.742857295468656;6.8599999999999755;2.000000000000346;0.9335159817351482;0.0;1868.6118319681686
0.0;17.380996835533693;0.0;407.2019571201933;4300.2076117552015;681.6293496697705;0.0;999.725202841878;0.0;0.0;0.0;0.0;0.0;17.380996835533693;0.0;0.0;2905.126253786083;0.0;0.0;0.0;0.0;1734.8914566280846;0.0;1170.2347971578154;2416.5208062978636;0.0;0.0;0.0;315.7338505843504;315.7338505843504;0.0;0.0;0.0;0.0;9451.48921529047;0.0;294.3365941202606;107517.61888598245;20.210158134651742;9136.942463040052;10972776.000007182;10447205.523948293;2169.959999999599;6721.878968807045;9136.942463040052;3602.4687900000204;10271976.000006782;9967762.80000003;10437528.934145719;10493418.11823889;10493418.11823889;182281.18999994308;185223.31999988077;110457.99999999262;3797.8047312516205;3042.819069646648;1136.1311859046211;25.2717366264728;25.2717366264728;0.0;6.057859104720847;0.0;0.0;51.88777000129947;-115.91367954822518;41.19553741166007;38.91340319518455;-26.966878913044255;-6.666666666666672;12.287886816447642;-6.243672059341799;-1.7414672254871661;5.276999401263757;2.0;2.0;7.0;NMC;4.8;[3.];110142956065;CH;50;mean;SFH45;AS;94.61333267029445;5.89551196647077;3.8;6.8599999999999755;2.000000000000346;0.9335159817351482;0.0;403.26101048763917
0.0;5.384394550837767;0.0;407.20194169956295;4103.369966219278;1039.6102870002169;0.0;850.5785279816394;0.0;0.0;0.0;0.0;0.0;23.945937512375025;0.0;0.0;7991.528659851658;0.0;0.0;18.561542961537256;0.0;6181.445644871454;0.0;1791.5214720180236;7221.055931871657;0.0;0.0;0.0;315.73385135538194;315.73385135538194;0.0;0.0;0.0;0.0;20765.337719633535;0.0;207.02170642778364;80617.40366157804;4.99543712873006;20553.320576076523;10972776.000007182;10686611.06609109;2642.0999999999376;6721.878968807045;20553.320576076523;3602.4687900000204;10271976.000006782;9967762.80000003;10640279.224906212;10703607.88032302;10703607.88032302;162482.26999999638;168086.349999933;94768.31999996038;8849.600380471067;7905.181758120136;1724.8959889583082;28.200049693383693;28.200049693383693;0.0;6.057858875311325;0.0;0.0;41.36177406066691;-286.9530727598624;22.35617480900941;-76.17571607492654;-200.44516738483415;-4.478865208517092;106.60957307306577;10.786740527281074;118.64406779662606;128.89601162498056;2.0;2.0;7.0;NMC;4.8;[];1127351129758;CH;50;mean;SFH100;AS;94.61333267029445;10.32000000000075;3.8000000000000007;6.8599999999999755;2.000000000000346;0.9335159817351482;0.0;1441.9634579914555
1283.16718085859;0.0;0.0;337.5785813448774;3440.6316500004896;348.5751415938782;0.0;937.9465121673766;0.0;0.0;501.8393302526613;0.0;1082.9540292235795;0.0;0.0;1874.3859958323185;2915.921826536432;1668.2035362907486;591.21881497372;0.0;0.0;1412.1226122052271;0.0;883.0194586089739;2262.5370840517576;0.0;206.18245954155284;125.18236053847181;361.768659866495;248.79754230325523;83.41017681453992;29.56094074868596;0.0;9136.942463040052;0.0;0.0;0.0;0.0;0.0;0.0;10972776.000007182;10646063.136027075;2903.9199999995976;6721.878968807045;9136.942463040052;3602.4687900000204;10271976.000006782;9967762.80000003;10437528.934145719;10493418.11823889;10493418.11823889;182281.18999994308;185223.31999988077;110457.99999999262;4450.07071032244;3683.1775387469693;1764.0014469517196;38.22872810630055;19.139315952152263;19.089412154148295;5.0220865759620885;0.0;45.29250949054923;45.585290341943654;-82.5568562471547;72.48470102254308;72.66691193079336;49.768935199749144;-7.854188828505662;13.045564460239042;4.787211199332622;9.153434800493628;18.457294382428383;2.0;4.0;7.0;NMC;4.8;[5.];110696529011;CH;50;mean;SFH45;AS;22.73227328345311;5.675978609625669;3.7999999999999994;6.835721435496177;2.346836635768901;0.9220363531197755;0.40821917808219177;400.741482027213
0.0;11.197172581570335;0.0;407.201957120193;4613.9143317564;343.8872484753146;0.0;1029.944408289059;0.0;0.0;0.0;0.0;0.0;11.197172581570335;0.0;0.0;1942.8632547349398;0.0;0.0;0.0;0.0;670.977663024418;0.0;1271.885591710567;1014.8649114997437;0.0;0.0;0.0;315.7338505843504;315.7338505843504;0.0;0.0;0.0;0.0;4110.497297679613;0.0;289.4328182140508;75618.37285286536;6.3437937363082355;3814.720685732221;10972776.000007182;10444334.590588022;2301.829999999666;6721.878968807045;3814.720685732221;3602.4687900000204;10271976.000006782;9967762.80000003;10437528.934145719;10493418.11823889;10493418.11823889;224040.40000004944;228826.2800000159;101801.60000000415;2775.764151866098;1977.0618710143576;1255.2086237249762;20.60478678317753;20.60478678317753;0.0;6.057859104720842;0.0;0.0;49.47614058547547;-39.753227384335624;24.882911357424565;46.96078210518338;-4.978555695151399;0.0;1.6447637648809534;-1.618149035877077;0.0;0.0;2.0;2.0;7.0;NMC;4.8;[];110697129359;CH;50;mean;SFH15;AS;94.61333267029445;4.48;3.7999999999999985;6.8599999999999755;2.000000000000346;0.9335159817351482;0.0;221.37863565390563
0.0;19.975084176317456;0.0;407.20195712019336;4698.590458387199;717.9961216190416;0.0;562.3814969198243;0.0;0.0;0.0;0.0;0.0;19.975084176317456;0.0;0.0;2687.8242086884097;0.0;0.0;0.0;0.0;1695.1257056085137;0.0;992.698503079945;2413.1218272275723;0.0;0.0;0.0;315.7338505843504;315.7338505843504;0.0;0.0;0.0;0.0;9455.476251035523;0.0;293.84785225214006;104312.92870494723;24.6859357477149;9136.942463040052;10972776.000007182;10446917.101709666;1555.0799999993949;6721.878968807045;9136.942463040052;3602.4687900000204;10271976.000006782;9967762.80000003;10437528.934145719;10493418.11823889;10493418.11823889;182281.18999994308;185223.31999988077;110457.99999999262;3569.009636873955;2841.5549773864436;974.4103033256968;19.34507760031807;19.34507760031807;0.0;6.057859104720848;0.0;0.0;44.72799860263829;-149.55945810306108;46.756361622612154;26.55758493202033;-32.87453540896257;-0.5428180372582119;2.2684318429988806;27.03695849343248;29.213483146067404;29.918705312274774;2.0;2.0;7.0;NMC;4.8;[2.];110141755854;CH;50;mean;SFH45;AS;94.61333267029445;4.6;3.8000000000000007;6.8599999999999755;2.000000000000346;0.9335159817351482;0.0;333.5436361810961
0.0;20.806945379190356;0.0;407.2019571201932;4544.715711508131;685.4516352724223;0.0;747.96886894261;0.0;0.0;0.0;0.0;0.0;20.806945379190356;0.0;0.0;2675.963028509619;0.0;0.0;0.0;0.0;1729.4618974524697;0.0;946.5011310570951;2414.913532724906;0.0;0.0;0.0;315.7338505843504;315.7338505843504;0.0;0.0;0.0;0.0;9454.859029161602;0.0;294.0071671798221;105358.54366654622;23.90939894623503;9136.942463040052;10972776.000007182;10447011.207096105;1694.469999999423;6721.878968807045;9136.942463040052;3602.4687900000204;10271976.000006782;9967762.80000003;10437528.934145719;10493418.11823889;10493418.11823889;182281.18999994308;185223.31999988077;110457.99999999262;3550.406196742136;2814.323999342295;919.5141947343875;21.634240312010697;21.634240312010697;0.0;6.057859104720845;0.0;0.0;52.450326471117236;-143.89998726484973;45.19590888852688;36.441696459374285;-33.66717124149958;-14.295912547182734;22.4485211193127;-13.598501301622449;-9.327340307344842;5.797357381085524;2.0;2.0;7.0;NMC;4.8;[];110697929717;CH;50;mean;SFH45;AS;94.61333267029445;4.207211409739199;3.8000000000000007;6.8599999999999755;2.000000000000346;0.9335159817351482;0.0;343.2901461668546
0.0;2.998305676933355;0.0;407.2019571201885;4081.6464324142157;1019.8510243433857;0.0;894.4473986678902;0.0;0.0;0.0;0.0;0.0;21.559848638470807;0.0;0.0;8073.481864549557;0.0;0.0;18.561542961537455;0.0;6203.337720255883;0.0;1851.5826013316337;7223.188744599262;0.0;0.0;0.0;315.73385058435065;315.73385058435065;0.0;0.0;0.0;0.0;20776.06574201441;0.0;206.74836570871477;79676.90887174917;15.996800228640197;20553.320576076523;10972776.000007182;10686070.55184399;2746.029999999806;6721.878968807045;20553.320576076523;3602.4687900000204;10271976.000006782;9967762.80000003;10640279.224906212;10703607.88032302;10703607.88032302;162482.26999999638;168086.349999933;94768.31999996038;8944.107201466446;7987.38257307693;1766.830419356003;28.523225984660634;28.523225984660634;0.0;6.057859104720775;0.0;0.0;43.93745186524921;-286.704313848711;22.150065335649238;-68.77577174726044;-201.04905567544748;-10.89108910891089;163.4614347357066;5.0122067938473895;146.534653465374;176.6666666666975;2.0;2.0;7.0;NMC;4.8;[];110697329450;CH;50;mean;SFH100;AS;94.61333267029445;9.96000000000111;3.7599999999999993;6.8599999999999755;2.000000000000346;0.9335159817351482;0.0;1459.5148871173667
0.0;11.98537666469217;0.0;407.2019571201955;4695.709753942277;335.4921136137616;0.0;955.7559168817245;0.0;0.0;0.0;0.0;0.0;11.98537666469217;0.0;0.0;2178.312822513709;0.0;0.0;0.0;0.0;677.8387393958932;0.0;1500.4740831178776;1013.3308530096649;0.0;0.0;0.0;315.7338505843503;315.7338505843503;0.0;0.0;0.0;0.0;4103.700647431218;0.0;289.3136679657254;74839.0858494857;-0.3337062636947046;3814.720685732221;10972776.000007182;10444264.454727959;2456.2299999994643;6721.878968807045;3814.720685732221;3602.4687900000204;10271976.000006782;9967762.80000003;10437528.934145719;10493418.11823889;10493418.11823889;224040.40000004944;228826.2800000159;101801.60000000415;3013.967521982777;2212.8739027330894;1482.1388502000223;19.387933243187618;19.387933243187618;0.0;6.05785910472088;0.0;0.0;51.17742246811383;-46.934097186480315;27.794774674731602;48.20212774652111;-6.094095953146961;-10.68031976495704;28.69120706367625;39.206943921823836;60.01361369901274;79.14709644944999;2.0;2.0;7.0;NMC;4.8;[];110696729150;CH;50;mean;SFH15;AS;94.61333267029445;2.4962123737045987;3.7999999999999985;6.8599999999999755;2.000000000000346;0.9335159817351482;0.0;247.66165743442897
1197.370289273309;0.0;0.0;334.3988098520421;3664.149036059022;344.9567514947636;0.0;802.5161150945746;0.0;0.0;532.5492409098895;0.0;986.0372588138513;0.0;0.0;1796.0810168228636;2755.7839816655155;1598.5121049723473;598.7107275495457;0.0;0.0;1385.031091647114;0.0;742.1066260914617;2262.5370840517576;0.0;197.56891185051353;125.24470899911567;363.10439966023256;253.24325803412916;79.92560524861982;29.935536377477206;0.0;9136.942463040052;0.0;0.0;0.0;0.0;0.0;0.0;10972776.000007182;10646063.136027075;2530.65999999962;6721.878968807045;9136.942463040052;3602.4687900000204;10271976.000006782;9967762.80000003;10437528.934145719;10493418.11823889;10493418.11823889;182281.18999994308;185223.31999988077;110457.99999999262;4216.370713642177;3447.9781621016514;1518.5027475553502;34.88374555305025;17.07071596965966;17.813029583390588;4.97478177461724;0.0;46.36085351532516;45.992281412784465;-95.31481037003688;74.72384451824554;73.33742890212989;50.63192485197558;-12.244897959183673;70.28582145536383;100.37842910071329;199.4344963791969;241.21605401350345;2.0;4.0;7.0;NMC;4.8;[];110697329472;CH;50;mean;SFH45;AS;22.610030802386664;5.868916129032259;3.7599999999999993;6.8380665957025695;2.313334347106155;0.9231464347221676;0.39452054794520547;360.4969309218485
1624.967333740287;0.0;0.0;337.73881704062734;2714.368118218299;131.29467687519514;0.0;1556.6311243021605;0.0;0.0;130.00615975547433;0.0;1817.930708136494;0.0;0.0;2303.8874842010187;2908.873104757564;2050.45986093893;678.920150460761;0.0;0.0;624.758779212808;0.0;1571.2481675609579;886.0596171262746;0.0;253.4276232621135;125.17921866208458;368.1686805382028;231.6996799682006;102.52299304694851;33.94600752303773;0.0;3814.720685732221;0.0;0.0;0.0;0.0;0.0;0.0;10972776.000007182;10646063.136027075;4945.810000000476;6721.878968807045;3814.720685732221;3602.4687900000204;10271976.000006782;9967762.80000003;10437528.934145719;10493418.11823889;10493418.11823889;224040.40000004944;228826.2800000159;101801.60000000415;4796.263337398008;3947.530638631553;3172.872703009091;49.28522441851692;25.110922243768364;24.17430217474855;5.024470369191533;0.0;51.94284854619242;40.05733627293232;-18.149090319236528;70.98032644773741;79.44777040056645;65.71351968438968;-1.4596483615093987;2.2270287863103326;0.09944117936797889;0.8350455819893079;2.3286845493682833;2.0;4.0;7.0;NMC;4.8;[];110697529550;CH;50;mean;SFH15;AS;26.772164512510738;7.381125336601618;3.7999999999999994;6.821047553858403;2.556463516308527;0.9150746618078438;0.6767123287671233;441.20395162204284
1048.0798855065727;0.0;0.0;333.7020634557886;4215.66316373455;167.23301716058816;0.0;571.2005357986998;0.0;0.0;265.5656770572146;0.0;927.1138666635728;0.0;0.0;1410.6203947022912;1450.6540543004783;1255.4521512850401;362.54050919571654;0.0;0.0;453.26092210738284;0.0;616.7255975376072;886.0596171262746;0.0;155.16824341725157;125.25837069315979;341.64156548162117;260.7419324575726;62.772607564254656;18.12702545978587;0.0;3814.720685732221;0.0;0.0;0.0;0.0;0.0;0.0;10972776.000007182;10646063.136027075;2115.03999999924;6721.878968807045;3814.720685732221;3602.4687900000204;10271976.000006782;9967762.80000003;10437528.934145719;10493418.11823889;10493418.11823889;224040.40000004944;228826.2800000159;101801.60000000415;2888.681357316657;2110.723813190548;1395.269938128144;26.5775900868819;10.985522893018413;15.59206719386349;4.964416422912951;0.0;59.47969807510306;42.76245549425221;-42.67480254706597;93.11512032802503;94.37756259834302;90.17701152240663;0.0;23.483493077742278;77.38908978463388;119.04624440487841;119.04624440487841;2.0;4.0;7.0;NMC;4.8;[5.];110143956150;CH;50;mean;SFH15;AS;18.100648537000612;5.257109865717082;3.7999999999999994;6.850049267204865;2.142153325644791;0.928777537547;0.21095890410958903;84.93528683025426
1375.0920437652576;0.0;0.0;337.3989723830897;3475.958336793819;153.41506733000153;0.0;1010.6185627331125;0.0;0.0;205.75531649490603;0.0;1406.620366846775;0.0;0.0;1907.0084959690046;1848.502578535022;1697.2375614124273;531.9164522037358;0.0;0.0;526.8892333013703;0.0;763.1010704197918;886.0596171262746;0.0;209.77093455658897;125.18588228282071;355.6678041996147;244.2101035187893;84.86187807062254;26.59582261018683;0.0;3814.720685732221;0.0;0.0;0.0;0.0;0.0;0.0;10972776.000007182;10646063.136027075;3180.340000000531;6721.878968807045;3814.720685732221;3602.4687900000204;10271976.000006782;9967762.80000003;10437528.934145719;10493418.11823889;10493418.11823889;224040.40000004944;228826.2800000159;101801.60000000415;3540.3689680069474;2735.901655324384;1994.081751789939;37.77404629882824;17.31708701487821;20.456959283950034;5.019414570669801;0.0;62.035766457811256;39.30105456353935;-23.822702093695458;81.13398387898884;85.8204769107262;76.6395890615318;-4.261114740269356;3.0047180654671433;-28.76965980040303;-29.75579482492569;-26.629388900332035;2.0;4.0;7.0;NMC;4.8;[];110699330239;CH;50;mean;SFH15;AS;22.620380549126647;6.518662240246895;3.8;6.835483117366601;2.3502411804771306;0.9219431375780878;0.4520547945205479;206.35334336600727
0.0;0.4379898171091044;7.253822504865733;415.55342090256346;4445.629542676331;223.19721014680601;887.2076703180898;427.2830350459505;0.0;0.0;0.0;0.0;0.0;0.5433867081874114;7.253822504865733;0.0;2026.3109060377508;0.0;0.0;0.10539689107830696;0.0;746.922120151675;407.46642404117375;871.8169649538579;970.1193302984827;1294.6740943592506;0.0;0.0;315.31627739523174;315.31627739523174;0.0;0.0;3602.4687900000204;1244.3981427485335;2589.008564393504;125.71926462749346;20.933286998612886;3355.7098434533855;-2.247265588844162;2570.3225429837225;11122611.97714466;10466457.4672789;1299.099999999573;6721.878968807045;3814.720685732221;3602.4687900000204;10271976.000006782;9967762.80000003;10437528.934145719;10493418.11823889;10493418.11823889;224040.40000004944;228826.2800000159;101801.60000000415;2294.4421319830703;1550.173641668875;856.5853199551157;22.990293859859324;22.990293859859324;0.0;6.182102100185734;0.0;0.0;38.24726561000402;-54.55016057035253;-7.711773978328007;-2.798986279666771;-66.46871963668113;0.0;3.292273206751062;15.452115948085691;19.253115028071687;19.253115028071687;2.0;1.0;7.0;NMC;4.8;[1.];110141955907;CH;50;mean;SFH15;AS;94.61333267029445;3.7683984348870654;3.8000000000000007;6.8599999999999755;2.000000000000346;0.9335159817351482;0.0;248.94239790852544
0.0;0.4589341145011978;7.542089683337629;412.04053451901933;3458.082865884105;178.53943795825862;795.507002435516;1554.2161824977065;0.0;0.0;0.0;0.0;0.0;0.5658706160601319;7.542089683337629;0.0;3760.314206561607;0.0;0.0;0.10693650155893408;0.0;791.6691066792655;500.0843458786831;2468.453817501828;970.2085446375228;1295.5913483142106;0.0;0.0;315.491921714409;315.491921714409;0.0;0.0;3602.4687900000204;1310.7275198435289;2522.634563300381;126.63911852494293;20.88866300046776;3311.0337894209133;-2.2472655888441473;2503.9931658887363;11128783.373154437;10466072.328882044;4022.6700000000856;6721.878968807045;3814.720685732221;3602.4687900000204;10271976.000006782;9967762.80000003;10437528.934145719;10493418.11823889;10493418.11823889;224040.40000004944;228826.2800000159;101801.60000000415;4009.3849336058584;3164.9226646430798;2402.6450329395625;37.73146851436749;37.73146851436749;0.0;6.12984161766521;0.0;0.0;45.99327793641419;-24.0625271221389;-5.771208230713931;29.131064839287014;-31.222433898643477;0.0;0.0;10.586787098818942;10.586787098818942;10.586787098818942;2.0;1.0;7.0;NMC;4.8;[6.];110697129336;CH;50;mean;SFH15;AS;94.61333267029445;5.794747643978113;3.6400000000000015;6.8599999999999755;2.000000000000346;0.9335159817351482;0.0;666.6953696221767
0.0;1.1211965278956888;4.173896929214439;415.7462538654404;3788.4247622220396;434.3673961824863;721.5752200253626;1041.163607307469;0.0;0.0;0.0;0.0;0.0;16.080327314334482;4.173896929214439;0.0;4625.514209013956;0.0;0.0;14.95913078643879;0.0;1943.853856150129;471.5248293848803;2195.1763926923963;2378.2212523326034;1193.1000494102657;0.0;0.0;315.3066357470879;315.3066357470879;0.0;0.0;3602.4687900000204;3227.8201999536955;5940.938102664202;127.19639107159637;35.25292085812289;9609.384054068198;-3.4370812801475195;5909.12226308629;11132508.658304373;10478948.69299939;3236.339999999889;6721.878968807045;9136.942463040052;3602.4687900000204;10271976.000006782;9967762.80000003;10437528.934145719;10493418.11823889;10493418.11823889;182281.18999994308;185223.31999988077;110457.99999999262;4836.9401264653125;4062.67715974817;2142.206865496331;32.764667843510665;32.764667843510665;0.0;6.184970836200943;0.0;0.0;45.1783334322432;-82.57430996442653;-1.2648509786941542;-1.3562723262448007;-84.88360291085569;0.0;6.841314867345234;100.10850733920154;113.79856040262098;113.79856040262098;2.0;1.0;7.0;NMC;4.8;[8.];110144756374;CH;50;mean;SFH45;AS;94.61333267029445;5.558762570468145;3.76;6.8599999999999755;2.000000000000346;0.9335159817351482;0.0;797.8370134484758
0.0;0.1437833627666628;7.437528624170931;415.0008591483391;3765.5516375324146;198.193746215456;832.8130685974105;1187.39443984348;0.0;0.0;0.0;0.0;0.0;0.24918025384496975;7.437528624170931;0.0;3153.469747514583;0.0;0.0;0.10539689107830696;0.0;772.1234064694715;462.1353839976733;1919.1055601560477;970.3171526849267;1294.9484525950907;0.0;0.0;315.34390548294294;315.34390548294294;0.0;0.0;3602.4687900000204;1275.912672584063;2557.4752971685602;126.52447959223312;20.914549609214678;3336.239925792628;-2.2472655888441535;2538.808013148188;11128009.894414697;10466289.623161118;3106.4999999999923;6721.878968807045;3814.720685732221;3602.4687900000204;10271976.000006782;9967762.80000003;10437528.934145719;10493418.11823889;10493418.11823889;224040.40000004944;228826.2800000159;101801.60000000415;3415.525326244957;2611.2515345033194;1877.5383444157228;33.11548120656414;33.11548120656414;0.0;6.173881753512005;0.0;0.0;50.36203658843177;-36.488453575424714;-6.787551437421913;27.65133923741594;-45.75267756799839;-2.2727272727272747;6.519385288737915;5.3416728057714975;9.659090909090905;12.209302325581394;2.0;1.0;7.0;NMC;4.8;[8.];110696529027;CH;50;mean;SFH15;AS;94.61333267029445;3.86;3.8000000000000007;6.8599999999999755;2.000000000000346;0.9335159817351482;0.0;498.24700155824485
0.0;1.4873854075948814;5.58008025111051;415.32766210336763;4028.5804079689065;459.2990373131414;755.2673403596965;741.0094900679189;0.0;0.0;0.0;0.0;0.0;16.44651619403367;5.58008025111051;0.0;3472.5261037381733;0.0;0.0;14.95913078643879;0.0;1918.6155647085614;436.740898311087;1102.2105099317334;2377.914602021707;1192.0082386708089;0.0;0.0;315.32756533519154;315.32756533519154;0.0;0.0;3602.4687900000204;3130.285955513035;6038.50040470184;126.44735311003865;35.28097845512434;9644.431295440032;-3.4370812801475235;6006.656507526943;11127484.236405104;10479099.758694991;1843.2199999993138;6721.878968807045;9136.942463040052;3602.4687900000204;10271976.000006782;9967762.80000003;10437528.934145719;10493418.11823889;10493418.11823889;182281.18999994308;185223.31999988077;110457.99999999262;3689.0241154175346;2952.960678155442;1069.2391051200461;29.197838022778022;29.197838022778022;0.0;6.178743533329004;0.0;0.0;48.83665272697786;-135.86164436161218;-0.9538480594830423;-21.825765589089706;-138.1114060794202;-14.071316876893613;1.0694160032695064;60.313530080421486;39.228482546141485;62.027948626507786;2.0;1.0;7.0;NMC;4.8;[0.];110141955880;CH;50;mean;SFH45;AS;94.61333267029445;5.569139301845659;3.8000000000000007;6.8599999999999755;2.000000000000346;0.9335159817351482;0.0;554.7398943602807
0.0;1.3075137234336487;4.696436591383546;416.3965429410111;4070.17637293664;455.0158843585498;748.369508420945;710.6425885416929;0.0;0.0;0.0;0.0;0.0;16.26664450987244;4.696436591383546;0.0;3478.2617100855678;0.0;0.0;14.95913078643879;0.0;1923.0615413847459;443.8236264560706;1096.417411458041;2378.0774257432945;1192.1931348770404;0.0;0.0;315.27412129330946;315.27412129330946;0.0;0.0;3602.4687900000204;3139.992072216874;6028.831185109913;126.4909620760203;35.31787556704154;9694.484295019085;-3.437081280147526;5996.9503908231445;11127776.803374164;10479315.50438284;1807.0599999992087;6721.878968807045;9136.942463040052;3602.4687900000204;10271976.000006782;9967762.80000003;10437528.934145719;10493418.11823889;10493418.11823889;182281.18999994308;185223.31999988077;110457.99999999262;3693.018167842843;2951.171271096786;1059.9359103108761;28.563917031918223;28.563917031918223;0.0;6.1946450519758525;0.0;0.0;52.25679042118806;-160.59495654315458;-1.0706451850821974;-25.748454410160715;-163.38500389795092;-26.08695652173913;48.066888045540786;168.1003439079095;193.4110092645731;296.96783606383417;2.0;1.0;7.0;NMC;4.8;[];110145556543;CH;50;mean;SFH45;AS;94.61333267029445;5.398762570468145;3.8000000000000007;6.8599999999999755;2.000000000000346;0.9335159817351482;0.0;546.3454888188735
1495.6667421120105;0.0;0.0;339.1552803019002;3070.640762149014;347.85010800074923;0.0;1105.3193562946126;0.0;0.0;491.91190534259175;0.0;1296.0396624532282;0.0;0.0;2114.6677324610882;3005.787091826801;1882.054281890362;619.0009903490812;0.0;0.0;1422.7750707084251;0.0;933.0609812520805;2262.5370840517576;0.0;232.6134505707184;125.15144487264776;363.14803868801187;238.09527507602854;94.10271409452021;30.95004951745397;0.0;9136.942463040052;0.0;0.0;0.0;0.0;0.0;0.0;10972776.000007182;10646063.136027075;3334.4199999999414;6721.878968807045;9136.942463040052;3602.4687900000204;10271976.000006782;9967762.80000003;10437528.934145719;10493418.11823889;10493418.11823889;182281.18999994308;185223.31999988077;110457.99999999262;4712.014362931782;3933.7623579220312;2013.390090158655;43.86922496063199;21.618500884035715;22.250724076596278;5.045542799502253;0.0;47.84361917796523;45.74763694068245;-71.46563030391609;75.06832098316201;76.8075159495379;57.25073942842953;0.0;9.923812258091944;16.11218189776717;27.63493683807581;27.63493683807581;2.0;4.0;7.0;NMC;4.8;[];110698830069;CH;50;mean;SFH45;AS;25.1254239947056;5.207505422993493;3.7599999999999993;6.8337892046834945;2.374439933092931;0.9210899135454316;0.5232876712328767;428.2414932235989
1348.218035365026;0.0;0.0;331.3613611878161;2988.443905521811;404.7811840406556;689.042619178412;588.8778314252424;0.0;0.0;389.1662386335727;42.85350258675158;1210.4722671233587;14.943996334633908;0.02828242110643941;1942.6280406194082;3362.3514727136453;1728.9389561512662;594.4100052541108;14.943996334633908;0.02828242110643941;1583.6694917197665;461.5692952699625;678.0099014512397;2377.6169143940006;1193.4654170351548;213.68908446810323;125.30426681606129;362.0172133422005;245.84976527190548;86.44694780756457;29.720500262705617;3602.4687900000204;3107.5712150558115;6063.455882364012;127.42675227646417;35.15624173010938;9480.972862870989;-1.0716073502264938;6029.371247984215;11134054.869474791;10478395.196485639;2477.3599999997396;6721.878968807045;9136.942463040052;3602.4687900000204;10271976.000006782;9967762.80000003;10437528.934145719;10493418.11823889;10493418.11823889;182281.18999994308;185223.31999988077;110457.99999999262;4374.868147054994;3631.3867461902614;1742.767602411929;45.09036363306083;25.033203401205316;20.057160231855516;4.929594280490652;0.0;47.61098381947668;30.921154805222773;-65.65177371707954;68.50599804138652;63.96130889523821;47.829627141065004;0.0;12.077408210813841;67.9878367120994;88.27641349633504;88.27641349633504;2.0;5.0;7.0;NMC;4.8;[4.];110141955898;CH;50;mean;SFH45;AS;27.160842687699084;8.133541063041674;3.8;6.8374085157930296;2.3227354886710017;0.9228268906957768;0.5123287671232877;506.79210939720076
1504.9562583985119;0.0;0.0;333.74212055989796;3045.5059365145266;342.94973490599864;0.0;1131.5711829387458;0.0;0.0;403.0038123321061;0.0;1416.5414249714297;0.0;0.0;2152.0345798978483;3838.96316647771;1915.3107761091003;647.0783214993446;0.0;0.0;1516.5835368136593;0.0;1642.9473920892647;2262.5370840517576;0.0;236.72380378876267;125.2575852597457;366.0156051098819;237.8961502294436;95.76553880545573;32.35391607496701;0.0;9136.942463040052;0.0;0.0;0.0;0.0;0.0;0.0;10972776.000007182;10646063.136027075;4191.060000000866;6721.878968807045;9136.942463040052;3602.4687900000204;10271976.000006782;9967762.80000003;10437528.934145719;10493418.11823889;10493418.11823889;182281.18999994308;185223.31999988077;110457.99999999262;5555.66678515058;4778.301822745331;2852.097381888117;44.3250643171285;21.93614203241795;22.388922284710546;4.965012344147106;0.0;40.0835034528789;33.411246497800086;-40.53849508658472;54.77734263649573;57.67935650241449;36.444757903168515;0.0;8.489135304659495;-0.5641425969645637;7.877101879327389;7.877101879327389;2.0;4.0;7.0;NMC;4.8;[];110698229823;CH;50;mean;SFH45;AS;25.9010569864355;12.427442136498515;3.7999999999999994;6.8201017711373275;2.56997469803818;0.9145223938332396;0.6;644.4574092384004
0.0;1.0637381761712184;0.0;407.20194169956295;3891.8908222711625;1012.9854415917582;0.0;1093.003173712879;0.0;0.0;0.0;0.0;0.0;19.62528113770837;0.0;0.0;7916.832838304745;0.0;0.0;18.56154296153712;0.0;6213.674469055492;0.0;1684.5968262867136;7226.659910647234;0.0;0.0;0.0;315.73385135538194;315.73385135538194;0.0;0.0;0.0;0.0;20783.094356084057;0.0;206.95531128588152;80384.80552865038;22.818468721144484;20553.320576076523;10972776.000007182;10686477.389003173;2777.6000000001404;6721.878968807045;20553.320576076523;3602.4687900000204;10271976.000006782;9967762.80000003;10640279.224906212;10703607.88032302;10703607.88032302;162482.26999999638;168086.349999933;94768.31999996038;8774.308507116786;7817.2728378898155;1585.328179633779;31.346181079109115;31.346181079109115;0.0;6.057858875311325;0.0;0.0;45.28768016313942;-262.9596796838265;21.414212840229407;-56.05853303194832;-185.234721352117;0.0;119.92368582174404;1.1816993204187412;122.52252252253943;122.52252252253943;2.0;2.0;7.0;NMC;4.8;[];110698529939;CH;50;mean;SFH100;AS;94.61333267029445;9.880000000000752;3.8000000000000007;6.8599999999999755;2.000000000000346;0.9335159817351482;0.0;1450.4132164806094
1317.200302847048;0.0;1.4993936205334697;334.46052010350434;2545.910215292449;390.4887631190552;661.374631542418;1098.4529109445984;1.7053025658242404e-13;3.3832285608258756e-13;354.0398502498019;36.91721598825395;1300.992337880194;14.943996334633908;1.4993936205338079;2001.1228907372179;4042.9960386257753;1780.9993727561246;683.9225878897689;14.943996334633738;0.0;1632.7245813510403;496.83399248072374;1180.3747511749173;2377.2531947199004;1195.1258400114218;220.12351798104712;125.24349899418485;370.49483037543314;247.24873234311647;89.04996863780586;34.19612939448806;3602.4687900000204;3332.7835762871287;5836.0297623002325;128.56504478512423;35.3079568275812;9685.443019657718;-3.437081280147529;5804.158886752865;11141692.865918875;10479276.53336834;3579.820000001136;6721.878968807045;9136.942463040052;3602.4687900000204;10271976.000006782;9967762.80000003;10437528.934145719;10493418.11823889;10493418.11823889;182281.18999994308;185223.31999988077;110457.99999999262;5005.006682145649;4242.425399564277;2319.030654558445;51.607831949543595;32.01211609450468;19.59571585503891;4.975699825235952;0.0;41.980688050261165;38.34137035105957;-55.386900612136294;60.73481019713789;62.38024405914102;38.98703854585997;-15.432098765432098;23.18324699788085;16.863001047636846;21.74026280531841;43.95563922964658;2.0;5.0;7.0;NMC;4.8;[];110698629985;CH;50;mean;SFH45;AS;27.67300228768003;7.888769029784633;3.8;6.833965197454811;2.371925750645565;0.9211241458247628;0.5780821917808219;659.6455632790036
0.0;6.460531352436421;0.0;407.20194169956295;4036.401624416113;1001.2553873209058;0.0;954.8256326624829;0.0;0.0;0.0;0.0;0.0;25.02207431397382;0.0;0.0;8366.138464576985;0.0;0.0;18.561542961537405;0.0;6219.002554277213;0.0;2128.57436733725;7220.25794159814;0.0;0.0;0.0;315.73385135538194;315.73385135538194;0.0;0.0;0.0;0.0;20766.094651661053;0.0;206.93882340532986;80326.5944711345;5.835252178749791;20553.320576076523;10972776.000007182;10686443.934372388;3083.4000000015467;6721.878968807045;20553.320576076523;3602.4687900000204;10271976.000006782;9967762.80000003;10640279.224906212;10703607.88032302;10703607.88032302;162482.26999999638;168086.349999933;94768.31999996038;9228.398674671103;8272.296706011884;2018.2607523302888;29.19632383211631;29.19632383211631;0.0;6.057858875311325;0.0;0.0;41.25266063941358;-244.5654235805783;21.04885039578559;-59.815300335197286;-172.03836305549748;0.0;118.08157615291259;-2.559398300104421;112.50000000001404;112.50000000001404;2.0;2.0;7.0;NMC;4.8;[];1127347129719;CH;50;mean;SFH100;AS;94.61333267029445;10.880000000000718;3.8;6.8599999999999755;2.000000000000346;0.9335159817351482;0.0;1527.5693007743337
0.0;10.192706175111413;0.0;407.2019571201887;4934.192824844854;357.60366260694934;0.0;696.9539674754848;0.0;0.0;0.0;0.0;0.0;10.192706175111413;0.0;0.0;2205.540770169916;0.0;0.0;0.0;0.0;656.1047376458239;0.0;1549.4360325241703;1013.7084002527864;0.0;0.0;0.0;315.73385058435065;315.73385058435065;0.0;0.0;0.0;0.0;4116.3339785650915;0.0;289.23099909958273;74296.76458932708;12.382293736305918;3814.720685732221;10972776.000007182;10444215.64579386;2246.3899999994146;6721.878968807045;3814.720685732221;3602.4687900000204;10271976.000006782;9967762.80000003;10437528.934145719;10493418.11823889;10493418.11823889;224040.40000004944;228826.2800000159;101801.60000000415;3032.135552668299;2250.9874020656857;1535.76112398213;15.840070033967162;15.840070033967162;0.0;6.057859104720778;0.0;0.0;43.49220944518777;-44.27465052707993;27.149020855640636;40.60720670392185;-5.105495566080376;0.0;4.832458170167321;-4.609696514340171;0.0;0.0;2.0;2.0;7.0;NMC;4.8;[5.];110143556102;CH;50;mean;SFH15;AS;94.61333267029445;4.24;3.8000000000000007;6.8599999999999755;2.000000000000346;0.9335159817351482;0.0;243.86048686664088
0.0;3.5445874799681407;0.0;407.2019416995613;4437.255783980304;1080.6547366254142;0.0;477.4880676663484;0.0;0.0;0.0;0.0;0.0;22.106130441505435;0.0;0.0;8209.708031554062;0.0;0.0;18.56154296153729;0.0;6142.194556258712;0.0;2048.9519323334853;7222.849292884129;0.0;0.0;0.0;315.733851355382;315.733851355382;0.0;0.0;0.0;0.0;20779.966356109635;0.0;206.91680899634085;80253.538698157;19.728971036271986;20553.320576076523;10972776.000007182;10686401.948295977;2526.4399999996963;6721.878968807045;20553.320576076523;3602.4687900000204;10271976.000006782;9967762.80000003;10640279.224906212;10703607.88032302;10703607.88032302;162482.26999999638;168086.349999933;94768.31999996038;9081.902230593078;8150.57932432457;2009.323891273956;23.232899595764202;23.232899595764202;0.0;6.0578588753113;0.0;0.0;33.52945278777091;-343.25728039241585;23.951601535656607;-124.06560935120137;-237.09006281503628;0.0;114.89655009897253;16.109152516360744;149.5145631068136;149.5145631068136;2.0;2.0;7.0;NMC;4.8;[5.];110146056594;CH;50;mean;SFH100;AS;94.61333267029445;10.28000000000072;3.76;6.8599999999999755;2.000000000000346;0.9335159817351482;0.0;1444.8845506545294
0.0;9.68593710107877;0.0;407.2019571201934;3610.576812342442;599.731924335495;0.0;1778.9484873232648;0.0;0.0;0.0;0.0;0.0;9.68593710107877;0.0;0.0;4459.634586593233;0.0;0.0;0.0;0.0;1820.823073916375;0.0;2638.811512676458;2420.554998251888;0.0;0.0;0.0;315.7338505843504;315.7338505843504;0.0;0.0;0.0;0.0;9439.156239639098;0.0;294.5752985865394;109081.00256650192;7.638478016853568;9136.942463040052;10972776.000007182;10447346.22853915;4417.760000000534;6721.878968807045;9136.942463040052;3602.4687900000204;10271976.000006782;9967762.80000003;10437528.934145719;10493418.11823889;10493418.11823889;182281.18999994308;185223.31999988077;110457.99999999262;5351.626905956738;4543.926908103002;2571.919837000005;35.5312310715959;35.5312310715959;0.0;6.0578591047208485;0.0;0.0;44.67028221391756;-51.00589619733229;24.587571101368745;36.99205881440392;-13.877214102554136;0.0;3.3683472451564613;9.149113620436937;12.82563478218362;12.82563478218362;2.0;2.0;7.0;NMC;4.8;[];110698529920;CH;50;mean;SFH45;AS;94.61333267029445;5.8669330086735485;3.7999999999999985;6.8599999999999755;2.000000000000346;0.9335159817351482;0.0;786.4426177923019
0.0;10.415265406118188;0.0;407.2019571201996;4880.302100039329;367.0026547642371;0.0;741.2231408926837;0.0;0.0;0.0;0.0;0.0;10.415265406118188;0.0;0.0;1854.8111931833982;0.0;0.0;0.0;0.0;647.3343340763848;0.0;1207.4768591070529;1014.336988840634;0.0;0.0;0.0;315.7338505843501;315.7338505843501;0.0;0.0;0.0;0.0;4113.127572935784;0.0;289.2625934702814;74503.26164595691;9.144293736309429;3814.720685732221;10972776.000007182;10444234.230536852;1948.6999999994177;6721.878968807045;3814.720685732221;3602.4687900000204;10271976.000006782;9967762.80000003;10437528.934145719;10493418.11823889;10493418.11823889;224040.40000004944;228826.2800000159;101801.60000000415;2668.719445099888;1900.3081349373438;1194.0406461692203;16.641791175564236;16.641791175564236;0.0;6.05785910472094;0.0;0.0;42.24001317819132;-39.19369724945627;25.067780068248744;39.75579810524843;-4.3009273540985715;-21.37931034482759;3.426634392585247;-3.3131063509023027;-21.37931034482759;0.0;2.0;2.0;7.0;NMC;4.8;[];1127341129663;CH;50;mean;SFH15;AS;94.61333267029445;4.56;3.8000000000000007;6.8599999999999755;2.000000000000346;0.9335159817351482;0.0;194.56148959525504
1115.4656982328881;0.0;0.0;335.0460637266135;3921.3043276152453;359.31666520626663;0.0;608.2074368241981;0.0;0.0;547.8034825085982;0.0;854.3419547020642;0.0;0.0;1658.3624331291471;2418.249116451468;1475.942565484932;542.8967348962458;0.0;0.0;1355.4169363369044;0.0;492.7906084735741;2262.5370840517576;0.0;182.4198676442043;125.23201774667308;358.2487244741132;257.30675945504174;73.79712827424916;27.14483674481236;0.0;9136.942463040052;0.0;0.0;0.0;0.0;0.0;0.0;10972776.000007182;10646063.136027075;1955.3399999993153;6721.878968807045;9136.942463040052;3602.4687900000204;10271976.000006782;9967762.80000003;10437528.934145719;10493418.11823889;10493418.11823889;182281.18999994308;185223.31999988077;110457.99999999262;3826.0949068938703;3085.0384151318813;1192.5690491474777;30.988207462965196;14.393655501984956;16.594551960980244;4.984410836336068;0.0;47.841950954177584;42.21740847364368;-104.67895702542816;76.35178646652234;72.03154028967596;51.597083184531776;-11.92795830050211;5.848269177840875;6.216238063469254;-0.9823212954955739;12.428049575997214;2.0;4.0;7.0;NMC;4.8;[];110698730016;CH;50;mean;SFH45;AS;20.50379869727977;5.228133435597834;3.7999999999999994;6.8386920840690895;2.3043987990130077;0.9233693551013928;0.36712328767123287;288.5677211929284
0.0;19.801409547969897;0.0;407.20195712019336;4148.863964201342;657.3541013840406;0.0;1172.9236859690077;0.0;0.0;0.0;0.0;0.0;19.801409547969897;0.0;0.0;4187.011253643342;0.0;0.0;0.0;0.0;1757.194939612236;0.0;2429.8163140307697;2414.5490409962886;0.0;0.0;0.0;315.7338505843504;315.7338505843504;0.0;0.0;0.0;0.0;9446.653646857576;0.0;294.21138391174827;106696.29470762519;15.499799910130868;9136.942463040052;10972776.000007182;10447131.6047409;3602.7400000005027;6721.878968807045;9136.942463040052;3602.4687900000204;10271976.000006782;9967762.80000003;10437528.934145719;10493418.11823889;10493418.11823889;182281.18999994308;185223.31999988077;110457.99999999262;5089.985285725412;4315.9302179138695;2390.178267610534;27.523244698191256;27.523244698191256;0.0;6.057859104720848;0.0;0.0;40.12985012945601;-62.24667950383218;29.090860620170712;31.120755153580724;-15.04772410851729;0.0;25.691887381567597;-4.860219149739423;19.58298620137974;19.58298620137974;2.0;2.0;7.0;NMC;4.8;[8.];110144156217;CH;50;mean;SFH45;AS;94.61333267029445;5.165985003899605;3.76;6.8599999999999755;2.000000000000346;0.9335159817351482;0.0;682.5159552902351
0.0;22.47557505685825;0.0;407.2019571201934;4500.913272272049;669.4270015428094;0.0;806.1273122306698;0.0;0.0;0.0;0.0;0.0;22.47557505685825;0.0;0.0;3428.3034745932223;0.0;0.0;0.0;0.0;1743.6607868239596;0.0;1684.6426877688814;2413.087788366772;0.0;0.0;0.0;315.7338505843504;315.7338505843504;0.0;0.0;0.0;0.0;9447.15138850841;0.0;294.0679791042423;105757.6981220709;16.140946368588125;9136.942463040052;10972776.000007182;10447047.131012373;2490.7699999995807;6721.878968807045;9136.942463040052;3602.4687900000204;10271976.000006782;9967762.80000003;10437528.934145719;10493418.11823889;10493418.11823889;182281.18999994308;185223.31999988077;110457.99999999262;4317.199931585424;3564.670410244817;1653.7568724630062;22.28588012045385;22.28588012045385;0.0;6.0578591047208485;0.0;0.0;37.594738235484506;-81.12386521646225;34.546040001816394;26.01685084744321;-18.552742285947165;0.0;27.234522197574258;0.4101006444412232;27.75631179305822;27.75631179305822;2.0;2.0;7.0;NMC;4.8;[4.];110143556108;CH;50;mean;SFH45;AS;94.61333267029445;5.263560045873999;3.8;6.8599999999999755;2.000000000000346;0.9335159817351482;0.0;512.1336817164743
0.0;6.798289310762363;0.0;407.20194169956295;3867.5183843295;992.510062792341;0.0;1132.1164393194179;0.0;0.0;0.0;0.0;0.0;25.35983227229977;0.0;0.0;8804.989225877433;0.0;0.0;18.561542961537405;0.0;6228.294122234827;0.0;2558.133560680518;7220.804185027171;0.0;0.0;0.0;315.73385135538194;315.73385135538194;0.0;0.0;0.0;0.0;20766.064541503696;0.0;206.79244205051128;79823.59865903748;5.951523376204555;20553.320576076523;10972776.000007182;10686154.856319467;3690.250000000467;6721.878968807045;20553.320576076523;3602.4687900000204;10271976.000006782;9967762.80000003;10640279.224906212;10703607.88032302;10703607.88032302;162482.26999999638;168086.349999933;94768.31999996038;9672.575775540314;8699.446707315137;2445.6780854771764;31.708764786057912;31.708764786057912;0.0;6.057858875311325;0.0;0.0;37.87312182362955;-176.6003662401665;18.81335071452639;-39.51371383496842;-124.5625692617395;-5.970149253731348;99.86708275543226;3.640306491253446;94.77611940298509;107.14285714285717;2.0;2.0;7.0;NMC;4.8;[7.];110697129383;CH;50;mean;SFH100;AS;94.61333267029445;10.440000000000001;3.8;6.8599999999999755;2.000000000000346;0.9335159817351482;0.0;1649.0220871216013
992.1610322781369;0.0;0.0;335.01041115693823;3964.5924714944326;161.94806025133906;0.0;879.4605363817473;0.0;0.0;268.0890741285161;0.0;909.9825162216023;0.0;0.0;1393.3430991721082;1583.2705995806311;1240.0753582631637;401.18206689396663;0.0;0.0;456.02248194533104;0.0;706.0069473967308;886.0596171262746;0.0;153.26774090893076;125.23271681666667;345.53661168563826;263.473740427768;62.00376791316181;20.059103344698364;0.0;3814.720685732221;0.0;0.0;0.0;0.0;0.0;0.0;10972776.000007182;10646063.136027075;2495.4499999993177;6721.878968807045;3814.720685732221;3602.4687900000204;10271976.000006782;9967762.80000003;10437528.934145719;10493418.11823889;10493418.11823889;224040.40000004944;228826.2800000159;101801.60000000415;2974.9937534825535;2169.3134396683795;1431.776175630401;30.25299381836576;15.492819812224448;14.760174006141307;4.9838804404476456;0.0;57.16441596622075;53.51495983688517;-47.756988679799186;92.88883840360972;95.1157060864351;89.4927617650194;-20.109713544838996;25.229286154038128;107.87061433646488;107.96630847637869;160.3148864575686;2.0;4.0;7.0;NMC;4.8;[];110696929216;CH;50;mean;SFH15;AS;18.226487609632454;4.575258786480331;3.7599999999999993;6.849468024856868;2.1504567877590364;0.9285007554765254;0.2219178082191781;117.13533729346022
1306.385454333369;0.0;0.0;336.5983717139682;3551.822520137503;156.21447293398057;0.0;997.971891231663;0.0;0.0;226.3467978725834;0.0;1305.7450332397766;0.0;0.0;1812.0542059283355;1622.4336097398707;1612.7282432762133;505.66875159495874;0.0;0.0;503.49834503691216;0.0;587.9830755283351;886.0596171262746;0.0;199.3259626521161;125.2015803351563;353.6045278647978;247.6846781212238;80.63641216381339;25.28343757974802;0.0;3814.720685732221;0.0;0.0;0.0;0.0;0.0;0.0;10972776.000007182;10646063.136027075;2891.699999999988;6721.878968807045;3814.720685732221;3602.4687900000204;10271976.000006782;9967762.80000003;10437528.934145719;10493418.11823889;10493418.11823889;224040.40000004944;228826.2800000159;101801.60000000415;3261.6335698574962;2455.9290887394327;1713.1733595936626;36.605416876997104;17.170591281420844;19.434825595576257;5.007504200476634;0.0;65.66672672556628;42.850230541746015;-28.48480235265074;88.1746440820825;91.31678679842842;84.80621482136621;0.0;0.0;-24.453330339537704;-24.453330339537704;-24.453330339537704;2.0;4.0;7.0;NMC;4.8;[3.];110143156074;CH;50;mean;SFH15;AS;21.173478236251423;4.260832168850073;3.7999999999999994;6.840197851901591;2.282887829977276;0.9241795232589585;0.38904109589041097;151.38883532999813
0.0;10.822378819606891;0.0;407.20195712018875;4922.914689519746;354.0866674159454;0.0;711.1194253470595;0.0;0.0;0.0;0.0;0.0;10.822378819606891;0.0;0.0;1678.468449962428;0.0;0.0;0.0;0.0;659.3278753097172;0.0;1019.1405746527931;1013.4145427256727;0.0;0.0;0.0;315.73385058435065;315.73385058435065;0.0;0.0;0.0;0.0;4113.578826019399;0.0;289.1153465538562;73539.1437856678;9.742793736305586;3814.720685732221;10972776.000007182;10444147.459892621;1730.2599999994886;6721.878968807045;3814.720685732221;3602.4687900000204;10271976.000006782;9967762.80000003;10437528.934145719;10493418.11823889;10493418.11823889;224040.40000004944;228826.2800000159;101801.60000000415;2496.457311007397;1722.3619630355124;1006.1597013844037;16.007852515285297;16.007852515285297;0.0;6.057859104720778;0.0;0.0;45.83569703967526;-48.27580909274194;28.584952144546605;42.64474794623298;-5.891240021642363;-1.7419191017291928;5.845928054254544;3.9914564104963794;8.153379200547684;10.070722134825473;2.0;2.0;7.0;NMC;4.8;[0.];110141955885;CH;50;mean;SFH15;AS;94.61333267029445;2.7254651558538017;3.8000000000000007;6.8599999999999755;2.000000000000346;0.9335159817351482;0.0;152.49681792210276
830.7921117891036;0.0;0.0;333.44042353065225;4515.987241658905;181.54520035641215;0.0;463.2313439541105;0.0;0.0;285.2990818307377;0.0;646.754438512765;0.0;0.0;1102.3696278456812;1055.2859443314646;981.1089687826646;271.5775160565801;0.0;0.0;419.2153349391275;0.0;350.91421753302023;886.0596171262746;0.0;121.26065906302388;125.26350088777028;334.2534708719469;271.61914662997657;49.05544843913476;13.578875802829021;0.0;3814.720685732221;0.0;0.0;0.0;0.0;0.0;0.0;10972776.000007182;10646063.136027075;1460.8999999993982;6721.878968807045;3814.720685732221;3602.4687900000204;10271976.000006782;9967762.80000003;10437528.934145719;10493418.11823889;10493418.11823889;224040.40000004944;228826.2800000159;101801.60000000415;2341.2265966292453;1582.9919037791772;880.6280760709877;21.951729017243828;9.592206990078452;12.359522027165378;4.960524059983619;0.0;61.97814192481977;47.34997052297304;-62.50020451995153;95.8368728354922;96.43817803832324;93.23490984324917;0.0;0.0;-3.191883086072189;-3.191883086072189;-3.191883086072189;2.0;4.0;7.0;NMC;4.8;[];110697129375;CH;50;mean;SFH15;AS;14.56796358337889;3.9110479233226836;3.7999999999999994;6.855118937315344;2.0697294669236643;0.9311916661710375;0.136986301369863;3.0840803277339432
903.6076371926812;0.017518801750249117;0.5108957265716794;325.7473922196055;3091.653969101701;390.16243858041923;654.5673854441844;961.8419073632069;1.63;0.29936836249390175;422.7732139670621;50.59451722698013;863.4941431153386;16.591515136384157;0.8102640890655811;1583.431392870348;3476.548694607904;1409.2539396545885;679.8237556770148;14.943996334633908;0.0;1564.4817205827349;488.83408470827874;694.4739495212663;2377.417373130219;1193.99598737947;174.1774532156647;125.41434463896749;372.8093645043828;268.3554797377902;70.46269698273224;33.99118778385036;3602.4687900000204;3215.735561970454;5959.481959947742;126.9530966652455;35.02462135665623;9304.364578216819;3.2504375216027306;5921.206901069521;11130877.696190456;10477633.953879341;2519.8099999996393;6721.878968807045;9136.942463040052;3602.4687900000204;10271976.000006782;9967762.80000003;10437528.934145719;10493418.11823889;10493418.11823889;182281.18999994308;185223.31999988077;110457.99999999262;4089.551193359154;3321.4928090882904;1400.6538361051792;43.30199631109078;29.859212806867003;13.442783504223785;4.846076427904161;0.0;42.42833029168628;47.92378670155449;-91.24489391557621;63.84873859113809;63.99583847947804;30.862558469479385;-23.288492925580766;9.813017750852834;-16.59288270487364;-29.738494231635134;-8.408127479228249;2.0;5.0;7.0;NMC;4.8;[];110699030138;CH;50;mean;SFH45;AS;20.624642733496565;7.70066103221279;3.8;6.84241854878748;2.2511635887502934;0.9252001036899218;0.34794520547945207;519.9694812530723
